Protocollo;Gruppo;DataOraIncidente;Localizzazione1;STRADA1;Localizzazione2;STRADA2;Strada02;Chilometrica;DaSpecificare;NaturaIncidente;particolaritastrade;TipoStrada;FondoStradale;Pavimentazione;Segnaletica;CondizioneAtmosferica;Traffico;Visibilita;Illuminazione;NUM_FERITI;NUM_RISERVATA;NUM_MORTI;NUM_ILLESI;Longitudine;Latitudine;Confermato;Progressivo;TipoVeicolo;StatoVeicolo;TipoPersona;Sesso;Tipolesione;Deceduto;DecedutoDopo;CinturaCascoUtilizzato;Airbag
2392479;5;03/06/2015 20:10;Strada Urbana;VIALE PALMIRO TOGLIATTI;in prossimità;;del civico n.;1501;;Scontro laterale fra veicoli in marcia;Rettilineo;Due carreggiate;Asciutto;Asfaltata;Orizzontale;Sereno;Normale;Buona;Ore Diurne;0;0;0;3;12.57054;41.91288;-1;1;Autovettura privata;In marcia / fermata / arresto;Conducente;M;Illeso;0;;Non accertato;Inesistente
2392479;5;03/06/2015 20:10;Strada Urbana;VIALE PALMIRO TOGLIATTI;in prossimità;;del civico n.;1501;;Scontro laterale fra veicoli in marcia;Rettilineo;Due carreggiate;Asciutto;Asfaltata;Orizzontale;Sereno;Normale;Buona;Ore Diurne;0;0;0;3;12.57054;41.91288;-1;2;Autovettura privata;In marcia / fermata / arresto;Conducente;M;Illeso;0;;Non accertato;Inesistente
2392479;5;03/06/2015 20:10;Strada Urbana;VIALE PALMIRO TOGLIATTI;in prossimità;;del civico n.;1501;;Scontro laterale fra veicoli in marcia;Rettilineo;Due carreggiate;Asciutto;Asfaltata;Orizzontale;Sereno;Normale;Buona;Ore Diurne;0;0;0;3;12.57054;41.91288;-1;2;Autovettura privata;In marcia / fermata / arresto;Passeggero;F;Illeso;0;;Non accertato;Inesistente
2392491;6;04/06/2015 05:15;Strada Urbana;VIA CASILINA;in corrispondenza;;del civico n.;201;;Veicolo in marcia contro veicolo in sosta;Rettilineo;Una carreggiata a senso unico di marcia;Asciutto;Asfaltata;Verticale ed orizzontale;Sereno;Scarso;Buona;Ore Diurne;0;0;0;1;12.52575;41.88743;-1;1;Autovettura privata;In marcia / fermata / arresto;Conducente;M;Illeso;0;;Non accertato;Esploso
2392495;12;03/06/2015 18:00;Strada Urbana;VIA GIOVANNI KOBLER;in prossimità;;del civico n.;324;;Veicolo in marcia contro veicoli in sosta;Rettilineo;Due carreggiate;Asciutto;Asfaltata;Verticale ed orizzontale;Sereno;Scarso;Buona;Ore Diurne;0;0;0;1;12.50663;41.81333;-1;1;Autovettura privata;In marcia / fermata / arresto;Conducente;F;Illeso;0;;Non accertato;Inesistente
2392518;8;03/06/2015 15:00;Provinciale entro l'abitato;VIA PRENESTINA;in prossimità;;del civico n.;1162;;Scontro frontale fra veicoli in marcia;Pendenza;Una carreggiata a doppio senso;Asciutto;Asfaltata;Verticale ed orizzontale;Sereno;Intenso;Buona;Ore Diurne;2;0;0;0;12.62587;41.89276;-1;1;Motociclo a solo;In marcia / fermata / arresto;Conducente;M;Rimandato;0;NON DECEDUTO;Non accertato;
2392518;8;03/06/2015 15:00;Provinciale entro l'abitato;VIA PRENESTINA;in prossimità;;del civico n.;1162;;Scontro frontale fra veicoli in marcia;Pendenza;Una carreggiata a doppio senso;Asciutto;Asfaltata;Verticale ed orizzontale;Sereno;Intenso;Buona;Ore Diurne;2;0;0;0;12.62587;41.89276;-1;2;Motociclo a solo;In marcia / fermata / arresto;Conducente;M;Rifiuta cure immediate;0;NON DECEDUTO;Non accertato;
2392520;8;03/06/2015 16:45;Strada Urbana;VIA PRENESTINA;da specificare;;;;pross. Via Romolo Vaselli;Tamponamento Multiplo;Rettilineo;Una carreggiata a doppio senso;Asciutto;Asfaltata;Verticale ed orizzontale;Sereno;Normale;Buona;Ore Diurne;2;0;1;3;12.6511;41.89182;-1;1;Autovettura privata;In marcia / fermata / arresto;Conducente;F;Illeso;0;;Non accertato;Inesploso
2392520;8;03/06/2015 16:45;Strada Urbana;VIA PRENESTINA;da specificare;;;;pross. Via Romolo Vaselli;Tamponamento Multiplo;Rettilineo;Una carreggiata a doppio senso;Asciutto;Asfaltata;Verticale ed orizzontale;Sereno;Normale;Buona;Ore Diurne;2;0;1;3;12.6511;41.89182;-1;2;Autovettura privata;In marcia / fermata / arresto;Conducente;F;Rimandato;0;NON DECEDUTO;Non accertato;Inesploso
2392520;8;03/06/2015 16:45;Strada Urbana;VIA PRENESTINA;da specificare;;;;pross. Via Romolo Vaselli;Tamponamento Multiplo;Rettilineo;Una carreggiata a doppio senso;Asciutto;Asfaltata;Verticale ed orizzontale;Sereno;Normale;Buona;Ore Diurne;2;0;1;3;12.6511;41.89182;-1;2;Autovettura privata;In marcia / fermata / arresto;Passeggero;F;Rifiuta cure immediate;0;NON DECEDUTO;Non accertato;Inesploso
2392520;8;03/06/2015 16:45;Strada Urbana;VIA PRENESTINA;da specificare;;;;pross. Via Romolo Vaselli;Tamponamento Multiplo;Rettilineo;Una carreggiata a doppio senso;Asciutto;Asfaltata;Verticale ed orizzontale;Sereno;Normale;Buona;Ore Diurne;2;0;1;3;12.6511;41.89182;-1;3;Autovettura privata;In marcia / fermata / arresto;Conducente;M;Ricoverato;0;DECEDUTO ENTRO L'ANNO;Non accertato;Inesploso
2392520;8;03/06/2015 16:45;Strada Urbana;VIA PRENESTINA;da specificare;;;;pross. Via Romolo Vaselli;Tamponamento Multiplo;Rettilineo;Una carreggiata a doppio senso;Asciutto;Asfaltata;Verticale ed orizzontale;Sereno;Normale;Buona;Ore Diurne;2;0;1;3;12.6511;41.89182;-1;3;Autovettura privata;In marcia / fermata / arresto;Passeggero;F;Illeso;0;;Non accertato;Inesploso
2392520;8;03/06/2015 16:45;Strada Urbana;VIA PRENESTINA;da specificare;;;;pross. Via Romolo Vaselli;Tamponamento Multiplo;Rettilineo;Una carreggiata a doppio senso;Asciutto;Asfaltata;Verticale ed orizzontale;Sereno;Normale;Buona;Ore Diurne;2;0;1;3;12.6511;41.89182;-1;3;Autovettura privata;In marcia / fermata / arresto;Passeggero;F;Illeso;0;;Non accertato;Inesploso
2392521;8;03/06/2015 19:45;Strada Urbana;VIA RAIMONDO SCINTU;all'intersezione con;VIA VINCENZO LAMARO;VIA VINCENZO LAMARO;;;Scontro frontale/laterale SX fra veicoli in marcia;Incrocio;Una carreggiata a doppio senso;Asciutto;Asfaltata;Verticale ed orizzontale;Sereno;Scarso;Sufficiente;Sufficiente;1;0;0;1;12.57538;41.85616;-1;1;Autovettura privata;In marcia / fermata / arresto;Conducente;F;Illeso;0;;;
2392521;8;03/06/2015 19:45;Strada Urbana;VIA RAIMONDO SCINTU;all'intersezione con;VIA VINCENZO LAMARO;VIA VINCENZO LAMARO;;;Scontro frontale/laterale SX fra veicoli in marcia;Incrocio;Una carreggiata a doppio senso;Asciutto;Asfaltata;Verticale ed orizzontale;Sereno;Scarso;Sufficiente;Sufficiente;1;0;0;1;12.57538;41.85616;-1;2;Motociclo a solo;In marcia / fermata / arresto;Conducente;M;Rimandato;0;NON DECEDUTO;Non accertato;
2392522;15;03/06/2015 17:45;Strada Urbana;VICOLO DEL FOSSO DI PAPA LEONE;all'intersezione con;VIA DELL'IMBRECCIATO;VIA DELL'IMBRECCIATO;;;Scontro frontale/laterale DX fra veicoli in marcia;Incrocio;Una carreggiata a doppio senso;Asciutto;Asfaltata;Verticale ed orizzontale;Sereno;Normale;Buona;Ore Diurne;0;0;0;3;12.4394;41.8341;-1;1;Autovettura privata;In marcia / fermata / arresto;Conducente;M;Illeso;0;;Utilizzato;
2392522;15;03/06/2015 17:45;Strada Urbana;VICOLO DEL FOSSO DI PAPA LEONE;all'intersezione con;VIA DELL'IMBRECCIATO;VIA DELL'IMBRECCIATO;;;Scontro frontale/laterale DX fra veicoli in marcia;Incrocio;Una carreggiata a doppio senso;Asciutto;Asfaltata;Verticale ed orizzontale;Sereno;Normale;Buona;Ore Diurne;0;0;0;3;12.4394;41.8341;-1;2;Autocarro inferiore 35 q.;In marcia / fermata / arresto;Conducente;M;Illeso;0;;Utilizzato;
2392522;15;03/06/2015 17:45;Strada Urbana;VICOLO DEL FOSSO DI PAPA LEONE;all'intersezione con;VIA DELL'IMBRECCIATO;VIA DELL'IMBRECCIATO;;;Scontro frontale/laterale DX fra veicoli in marcia;Incrocio;Una carreggiata a doppio senso;Asciutto;Asfaltata;Verticale ed orizzontale;Sereno;Normale;Buona;Ore Diurne;0;0;0;3;12.4394;41.8341;-1;2;Autocarro inferiore 35 q.;In marcia / fermata / arresto;Passeggero;F;Illeso;0;;Non accertato;
2392523;8;03/06/2015 11:55;Strada Urbana;VIA DEL FOSSO DELL'OSA;all'intersezione con;VIA PERANO;VIA PERANO;;;Scontro frontale/laterale DX fra veicoli in marcia;Incrocio;Una carreggiata a doppio senso;Asciutto;Asfaltata;Verticale ed orizzontale;Sereno;Normale;Buona;Ore Diurne;2;0;0;2;12.68429;41.90528;-1;1;Autovettura privata;In marcia / fermata / arresto;Conducente;F;Rifiuta cure immediate;0;NON DECEDUTO;Non accertato;Inesploso
2392523;8;03/06/2015 11:55;Strada Urbana;VIA DEL FOSSO DELL'OSA;all'intersezione con;VIA PERANO;VIA PERANO;;;Scontro frontale/laterale DX fra veicoli in marcia;Incrocio;Una carreggiata a doppio senso;Asciutto;Asfaltata;Verticale ed orizzontale;Sereno;Normale;Buona;Ore Diurne;2;0;0;2;12.68429;41.90528;-1;2;Autovettura privata;In marcia / fermata / arresto;Conducente;F;Rifiuta cure immediate;0;NON DECEDUTO;Non accertato;Inesploso
2392523;8;03/06/2015 11:55;Strada Urbana;VIA DEL FOSSO DELL'OSA;all'intersezione con;VIA PERANO;VIA PERANO;;;Scontro frontale/laterale DX fra veicoli in marcia;Incrocio;Una carreggiata a doppio senso;Asciutto;Asfaltata;Verticale ed orizzontale;Sereno;Normale;Buona;Ore Diurne;2;0;0;2;12.68429;41.90528;-1;2;Autovettura privata;In marcia / fermata / arresto;Passeggero;F;Illeso;0;;Non accertato;Inesploso
2392523;8;03/06/2015 11:55;Strada Urbana;VIA DEL FOSSO DELL'OSA;all'intersezione con;VIA PERANO;VIA PERANO;;;Scontro frontale/laterale DX fra veicoli in marcia;Incrocio;Una carreggiata a doppio senso;Asciutto;Asfaltata;Verticale ed orizzontale;Sereno;Normale;Buona;Ore Diurne;2;0;0;2;12.68429;41.90528;-1;2;Autovettura privata;In marcia / fermata / arresto;Passeggero;M;Illeso;0;;Non accertato;Inesploso
2392525;8;03/06/2015 06:45;Strada Urbana;VIA LUIGI RUSSOLO;all'intersezione con;VIA LUCIO FONTANA;VIA LUCIO FONTANA;;;Scontro frontale/laterale DX fra veicoli in marcia;Intersezione stradale segnalata;Una carreggiata a senso unico di marcia;Asciutto;Asfaltata;Verticale ed orizzontale;Sereno;Normale;Buona;Ore Diurne;1;0;0;2;12.61705;41.9113;-1;1;Autovettura privata;In marcia / fermata / arresto;Conducente;M;Rifiuta cure immediate;0;NON DECEDUTO;Non accertato;Inesploso
2392525;8;03/06/2015 06:45;Strada Urbana;VIA LUIGI RUSSOLO;all'intersezione con;VIA LUCIO FONTANA;VIA LUCIO FONTANA;;;Scontro frontale/laterale DX fra veicoli in marcia;Intersezione stradale segnalata;Una carreggiata a senso unico di marcia;Asciutto;Asfaltata;Verticale ed orizzontale;Sereno;Normale;Buona;Ore Diurne;1;0;0;2;12.61705;41.9113;-1;2;Autovettura privata;In marcia / fermata / arresto;Conducente;M;Illeso;0;;Non accertato;Inesploso
2392525;8;03/06/2015 06:45;Strada Urbana;VIA LUIGI RUSSOLO;all'intersezione con;VIA LUCIO FONTANA;VIA LUCIO FONTANA;;;Scontro frontale/laterale DX fra veicoli in marcia;Intersezione stradale segnalata;Una carreggiata a senso unico di marcia;Asciutto;Asfaltata;Verticale ed orizzontale;Sereno;Normale;Buona;Ore Diurne;1;0;0;2;12.61705;41.9113;-1;3;Autocarro inferiore 35 q.;In marcia / fermata / arresto;Conducente;M;Illeso;0;;Non accertato;Inesploso
2392526;12;03/06/2015 22:20;Provinciale;VIA ARDEATINA;in corrispondenza;;della chilometrica;16.5;;Scontro frontale/laterale SX fra veicoli in marcia;Rettilineo;Una carreggiata a doppio senso;Asciutto;Asfaltata;Verticale ed orizzontale;Sereno;Scarso;Insufficiente;Inesistente;3;0;0;4;12.5351;41.80403;-1;1;Autovettura privata;In marcia / fermata / arresto;Conducente;M;Rimandato;0;NON DECEDUTO;Utilizzato;Inesploso
2392526;12;03/06/2015 22:20;Provinciale;VIA ARDEATINA;in corrispondenza;;della chilometrica;16.5;;Scontro frontale/laterale SX fra veicoli in marcia;Rettilineo;Una carreggiata a doppio senso;Asciutto;Asfaltata;Verticale ed orizzontale;Sereno;Scarso;Insufficiente;Inesistente;3;0;0;4;12.5351;41.80403;-1;2;Autovettura privata;In marcia / fermata / arresto;Conducente;M;Illeso;0;;Utilizzato;Inesploso
2392526;12;03/06/2015 22:20;Provinciale;VIA ARDEATINA;in corrispondenza;;della chilometrica;16.5;;Scontro frontale/laterale SX fra veicoli in marcia;Rettilineo;Una carreggiata a doppio senso;Asciutto;Asfaltata;Verticale ed orizzontale;Sereno;Scarso;Insufficiente;Inesistente;3;0;0;4;12.5351;41.80403;-1;2;Autovettura privata;In marcia / fermata / arresto;Passeggero;F;Illeso;0;;Utilizzato;Inesploso
2392526;12;03/06/2015 22:20;Provinciale;VIA ARDEATINA;in corrispondenza;;della chilometrica;16.5;;Scontro frontale/laterale SX fra veicoli in marcia;Rettilineo;Una carreggiata a doppio senso;Asciutto;Asfaltata;Verticale ed orizzontale;Sereno;Scarso;Insufficiente;Inesistente;3;0;0;4;12.5351;41.80403;-1;2;Autovettura privata;In marcia / fermata / arresto;Passeggero;M;Illeso;0;;Utilizzato;Inesploso
2392526;12;03/06/2015 22:20;Provinciale;VIA ARDEATINA;in corrispondenza;;della chilometrica;16.5;;Scontro frontale/laterale SX fra veicoli in marcia;Rettilineo;Una carreggiata a doppio senso;Asciutto;Asfaltata;Verticale ed orizzontale;Sereno;Scarso;Insufficiente;Inesistente;3;0;0;4;12.5351;41.80403;-1;3;Autovettura privata;In marcia / fermata / arresto;Conducente;M;Illeso;0;;Utilizzato;Inesploso
2392526;12;03/06/2015 22:20;Provinciale;VIA ARDEATINA;in corrispondenza;;della chilometrica;16.5;;Scontro frontale/laterale SX fra veicoli in marcia;Rettilineo;Una carreggiata a doppio senso;Asciutto;Asfaltata;Verticale ed orizzontale;Sereno;Scarso;Insufficiente;Inesistente;3;0;0;4;12.5351;41.80403;-1;3;Autovettura privata;In marcia / fermata / arresto;Passeggero;F;Rimandato;0;NON DECEDUTO;Utilizzato;Inesploso
2392526;12;03/06/2015 22:20;Provinciale;VIA ARDEATINA;in corrispondenza;;della chilometrica;16.5;;Scontro frontale/laterale SX fra veicoli in marcia;Rettilineo;Una carreggiata a doppio senso;Asciutto;Asfaltata;Verticale ed orizzontale;Sereno;Scarso;Insufficiente;Inesistente;3;0;0;4;12.5351;41.80403;-1;4;Autovettura privata;In marcia / fermata / arresto;Conducente;M;Rimandato;0;NON DECEDUTO;Utilizzato;Inesploso
2392530;13;03/06/2015 08:35;Strada Urbana;VIA DI CASTEL FUSANO;da specificare;;;;in prossimita' della via del mare;Scontro laterale fra veicoli in marcia;Rotatoria;Una carreggiata a senso unico di marcia;Asciutto;Asfaltata;Verticale ed orizzontale;Sereno;Intenso;Buona;Ore Diurne;1;0;0;2;12.30415;41.75926;-1;1;Autocarro inferiore 35 q.;In marcia / fermata / arresto;Conducente;M;Illeso;0;;;
2392530;13;03/06/2015 08:35;Strada Urbana;VIA DI CASTEL FUSANO;da specificare;;;;in prossimita' della via del mare;Scontro laterale fra veicoli in marcia;Rotatoria;Una carreggiata a senso unico di marcia;Asciutto;Asfaltata;Verticale ed orizzontale;Sereno;Intenso;Buona;Ore Diurne;1;0;0;2;12.30415;41.75926;-1;2;Autovettura privata;In marcia / fermata / arresto;Conducente;F;Rimandato;0;NON DECEDUTO;;
2392530;13;03/06/2015 08:35;Strada Urbana;VIA DI CASTEL FUSANO;da specificare;;;;in prossimita' della via del mare;Scontro laterale fra veicoli in marcia;Rotatoria;Una carreggiata a senso unico di marcia;Asciutto;Asfaltata;Verticale ed orizzontale;Sereno;Intenso;Buona;Ore Diurne;1;0;0;2;12.30415;41.75926;-1;2;Autovettura privata;In marcia / fermata / arresto;Passeggero;M;Illeso;0;;;
2392532;8;03/06/2015 09:20;Strada Urbana;VIA DI TOR BELLA MONACA;da specificare;;;;dir.ne Casilina alt. svincolo Via Anderloni;Scontro laterale fra veicoli in marcia;Rettilineo;Due carreggiate;Asciutto;Asfaltata;Verticale;Sereno;Intenso;Sufficiente;Ore Diurne;1;0;0;2;12.62546;41.87778;-1;1;Motociclo a solo;In marcia / fermata / arresto;Conducente;M;Rimandato;0;NON DECEDUTO;Non accertato;
2392532;8;03/06/2015 09:20;Strada Urbana;VIA DI TOR BELLA MONACA;da specificare;;;;dir.ne Casilina alt. svincolo Via Anderloni;Scontro laterale fra veicoli in marcia;Rettilineo;Due carreggiate;Asciutto;Asfaltata;Verticale;Sereno;Intenso;Sufficiente;Ore Diurne;1;0;0;2;12.62546;41.87778;-1;2;Autovettura privata;In marcia / fermata / arresto;Conducente;M;Illeso;0;;Non accertato;Inesploso
2392532;8;03/06/2015 09:20;Strada Urbana;VIA DI TOR BELLA MONACA;da specificare;;;;dir.ne Casilina alt. svincolo Via Anderloni;Scontro laterale fra veicoli in marcia;Rettilineo;Due carreggiate;Asciutto;Asfaltata;Verticale;Sereno;Intenso;Sufficiente;Ore Diurne;1;0;0;2;12.62546;41.87778;-1;2;Autovettura privata;In marcia / fermata / arresto;Passeggero;F;Illeso;0;;Non accertato;Inesploso
2392533;8;03/06/2015 18:45;Strada Urbana;VIA MONTPELLIER;da specificare;;;;altezza capolinea Atac 500;Veicolo in marcia contro veicolo fermo;Rettilineo;Una carreggiata a doppio senso;Asciutto;Asfaltata;Verticale ed orizzontale;Sereno;Scarso;Buona;Ore Diurne;0;0;0;2;12.63133;41.85581;-1;1;Autocarro inferiore 35 q.;In marcia / fermata / arresto;Conducente;M;Illeso;0;;Non accertato;Inesploso
2392533;8;03/06/2015 18:45;Strada Urbana;VIA MONTPELLIER;da specificare;;;;altezza capolinea Atac 500;Veicolo in marcia contro veicolo fermo;Rettilineo;Una carreggiata a doppio senso;Asciutto;Asfaltata;Verticale ed orizzontale;Sereno;Scarso;Buona;Ore Diurne;0;0;0;2;12.63133;41.85581;-1;2;Autobus di linea;In marcia / fermata / arresto;Conducente;F;Illeso;0;;Non accertato;Inesploso
2392536;8;03/06/2015 13:00;Strada Urbana;VIA ALENDA;all'intersezione con;VIA JACOMO MAGNOLINO;VIA JACOMO MAGNOLINO;;;Scontro laterale fra veicoli in marcia;Incrocio;Una carreggiata a senso unico di marcia;Asciutto;Asfaltata;Verticale;Sereno;Scarso;Buona;Ore Diurne;0;0;0;3;12.60965;41.86026;-1;1;Autovettura privata;In marcia / fermata / arresto;Conducente;F;Illeso;0;;Non accertato;Inesploso
2392536;8;03/06/2015 13:00;Strada Urbana;VIA ALENDA;all'intersezione con;VIA JACOMO MAGNOLINO;VIA JACOMO MAGNOLINO;;;Scontro laterale fra veicoli in marcia;Incrocio;Una carreggiata a senso unico di marcia;Asciutto;Asfaltata;Verticale;Sereno;Scarso;Buona;Ore Diurne;0;0;0;3;12.60965;41.86026;-1;1;Autovettura privata;In marcia / fermata / arresto;Passeggero;M;Illeso;0;;Non accertato;Inesploso
2392536;8;03/06/2015 13:00;Strada Urbana;VIA ALENDA;all'intersezione con;VIA JACOMO MAGNOLINO;VIA JACOMO MAGNOLINO;;;Scontro laterale fra veicoli in marcia;Incrocio;Una carreggiata a senso unico di marcia;Asciutto;Asfaltata;Verticale;Sereno;Scarso;Buona;Ore Diurne;0;0;0;3;12.60965;41.86026;-1;2;Autovettura privata;In marcia / fermata / arresto;Conducente;F;Illeso;0;;Non accertato;Inesploso
2392537;11;03/06/2015 19:45;Strada Urbana;VIA DEL PORTO FLUVIALE;da specificare;;;;altezza via Riva Ostiense;Scontro frontale/laterale SX fra veicoli in marcia;Rettilineo;Una carreggiata a doppio senso;Asciutto;Asfaltata;Verticale ed orizzontale;Sereno;Normale;Buona;Ore Diurne;0;0;0;2;12.47345;41.87225;-1;1;Motociclo con passeggero;In marcia / fermata / arresto;Conducente;M;Illeso;0;;Non accertato;
2392537;11;03/06/2015 19:45;Strada Urbana;VIA DEL PORTO FLUVIALE;da specificare;;;;altezza via Riva Ostiense;Scontro frontale/laterale SX fra veicoli in marcia;Rettilineo;Una carreggiata a doppio senso;Asciutto;Asfaltata;Verticale ed orizzontale;Sereno;Normale;Buona;Ore Diurne;0;0;0;2;12.47345;41.87225;-1;2;Velocipede;In marcia / fermata / arresto;Conducente;F;Illeso;0;;Esente;
2392540;8;03/06/2015 18:20;Provinciale entro l'abitato;VIA COLLATINA;da specificare;;;;alt. palo luce n. 559;Tamponamento Multiplo;Rettilineo;Una carreggiata a doppio senso;Asciutto;Asfaltata;Verticale ed orizzontale;Sereno;Intenso;Buona;Ore Diurne;1;0;0;3;12.61053;41.90604;-1;1;Autovettura privata;In marcia / fermata / arresto;Conducente;M;Illeso;0;;Non accertato;Inesploso
2392540;8;03/06/2015 18:20;Provinciale entro l'abitato;VIA COLLATINA;da specificare;;;;alt. palo luce n. 559;Tamponamento Multiplo;Rettilineo;Una carreggiata a doppio senso;Asciutto;Asfaltata;Verticale ed orizzontale;Sereno;Intenso;Buona;Ore Diurne;1;0;0;3;12.61053;41.90604;-1;2;Autovettura privata;In marcia / fermata / arresto;Conducente;F;Rifiuta cure immediate;0;NON DECEDUTO;Non accertato;Inesploso
2392540;8;03/06/2015 18:20;Provinciale entro l'abitato;VIA COLLATINA;da specificare;;;;alt. palo luce n. 559;Tamponamento Multiplo;Rettilineo;Una carreggiata a doppio senso;Asciutto;Asfaltata;Verticale ed orizzontale;Sereno;Intenso;Buona;Ore Diurne;1;0;0;3;12.61053;41.90604;-1;2;Autovettura privata;In marcia / fermata / arresto;Passeggero;F;Illeso;0;;Non accertato;Inesploso
2392540;8;03/06/2015 18:20;Provinciale entro l'abitato;VIA COLLATINA;da specificare;;;;alt. palo luce n. 559;Tamponamento Multiplo;Rettilineo;Una carreggiata a doppio senso;Asciutto;Asfaltata;Verticale ed orizzontale;Sereno;Intenso;Buona;Ore Diurne;1;0;0;3;12.61053;41.90604;-1;3;Autocarro inferiore 35 q.;In marcia / fermata / arresto;Conducente;M;Illeso;0;;Non accertato;Inesploso
2392542;13;04/06/2015 02:30;Strada Urbana;PIAZZA GREGORIO RONCA;da specificare;;;;altezza Via Galli della Mantica;Scontro laterale fra veicoli in marcia;Rettilineo;Una carreggiata a doppio senso;Asciutto;Asfaltata;Verticale;Sereno;Scarso;Sufficiente;Sufficiente;1;0;0;2;12.28726;41.73335;-1;1;Autovettura privata;In marcia / fermata / arresto;Conducente;M;Illeso;0;;Non accertato;Inesploso
2392542;13;04/06/2015 02:30;Strada Urbana;PIAZZA GREGORIO RONCA;da specificare;;;;altezza Via Galli della Mantica;Scontro laterale fra veicoli in marcia;Rettilineo;Una carreggiata a doppio senso;Asciutto;Asfaltata;Verticale;Sereno;Scarso;Sufficiente;Sufficiente;1;0;0;2;12.28726;41.73335;-1;1;Autovettura privata;In marcia / fermata / arresto;Passeggero;M;Illeso;0;;Non accertato;Inesploso
2392542;13;04/06/2015 02:30;Strada Urbana;PIAZZA GREGORIO RONCA;da specificare;;;;altezza Via Galli della Mantica;Scontro laterale fra veicoli in marcia;Rettilineo;Una carreggiata a doppio senso;Asciutto;Asfaltata;Verticale;Sereno;Scarso;Sufficiente;Sufficiente;1;0;0;2;12.28726;41.73335;-1;2;Autovettura privata;In marcia / fermata / arresto;Conducente;M;Rimandato;0;NON DECEDUTO;Non accertato;Inesistente
2392546;8;03/06/2015 15:45;Strada Urbana;VIA DI TORRENOVA;da specificare;;;;alt. Via Calimera;Scontro laterale fra veicoli in marcia;Rettilineo;Una carreggiata a doppio senso;Asciutto;Asfaltata;Verticale ed orizzontale;Sereno;Normale;Buona;Ore Diurne;0;0;0;2;12.62026;41.88667;-1;1;Autovettura privata;In marcia / fermata / arresto;Conducente;M;Illeso;0;;Non accertato;Inesploso
2392546;8;03/06/2015 15:45;Strada Urbana;VIA DI TORRENOVA;da specificare;;;;alt. Via Calimera;Scontro laterale fra veicoli in marcia;Rettilineo;Una carreggiata a doppio senso;Asciutto;Asfaltata;Verticale ed orizzontale;Sereno;Normale;Buona;Ore Diurne;0;0;0;2;12.62026;41.88667;-1;2;Autocarro inferiore 35 q.;In marcia / fermata / arresto;Conducente;M;Illeso;0;;Non accertato;Inesploso
2392555;13;03/06/2015 09:30;Strada Urbana;VIA OSTIENSE;da specificare;;;;IN PROX DI VIA DI ACILIA;Scontro laterale fra veicoli in marcia;Rettilineo;Due carreggiate;Asciutto;Asfaltata;Verticale ed orizzontale;Sereno;Intenso;Buona;Ore Diurne;0;0;0;2;12.45017;41.83022;-1;1;Autocarro inferiore 35 q.;In marcia / fermata / arresto;Conducente;M;Illeso;0;;Non accertato;Inesploso
2392555;13;03/06/2015 09:30;Strada Urbana;VIA OSTIENSE;da specificare;;;;IN PROX DI VIA DI ACILIA;Scontro laterale fra veicoli in marcia;Rettilineo;Due carreggiate;Asciutto;Asfaltata;Verticale ed orizzontale;Sereno;Intenso;Buona;Ore Diurne;0;0;0;2;12.45017;41.83022;-1;2;Autovettura privata;In marcia / fermata / arresto;Conducente;M;Illeso;0;;Non accertato;Inesploso
2392561;19;03/06/2015 08:10;Strada Urbana;VIA DI CASAL DEL MARMO;in prossimità;;del civico n.;256 L;;Scontro frontale/laterale DX fra veicoli in marcia;Rettilineo;Una carreggiata a doppio senso;Asciutto;Asfaltata;Orizzontale;Sereno;Intenso;Buona;Ore Diurne;2;0;0;1;12.39641;41.95115;-1;1;Autovettura privata;In marcia / fermata / arresto;Conducente;F;Illeso;0;;;
2392561;19;03/06/2015 08:10;Strada Urbana;VIA DI CASAL DEL MARMO;in prossimità;;del civico n.;256 L;;Scontro frontale/laterale DX fra veicoli in marcia;Rettilineo;Una carreggiata a doppio senso;Asciutto;Asfaltata;Orizzontale;Sereno;Intenso;Buona;Ore Diurne;2;0;0;1;12.39641;41.95115;-1;2;Motociclo con passeggero;In marcia / fermata / arresto;Conducente;M;Rimandato;0;NON DECEDUTO;;
2392561;19;03/06/2015 08:10;Strada Urbana;VIA DI CASAL DEL MARMO;in prossimità;;del civico n.;256 L;;Scontro frontale/laterale DX fra veicoli in marcia;Rettilineo;Una carreggiata a doppio senso;Asciutto;Asfaltata;Orizzontale;Sereno;Intenso;Buona;Ore Diurne;2;0;0;1;12.39641;41.95115;-1;2;Motociclo con passeggero;In marcia / fermata / arresto;Passeggero;M;Rimandato;0;NON DECEDUTO;;
2392590;19;03/06/2015 07:45;Strada Urbana;VIA DI CASAL DEL MARMO;in prossimità;;del civico n.;73/a;;Scontro frontale fra veicoli in marcia;Curva a visuale libera;Una carreggiata a doppio senso;Asciutto;Asfaltata;Orizzontale;Sereno;Intenso;Buona;Ore Diurne;2;0;0;4;12.40936;41.96006;-1;1;Autovettura privata;In marcia / fermata / arresto;Conducente;M;Illeso;0;;;
2392590;19;03/06/2015 07:45;Strada Urbana;VIA DI CASAL DEL MARMO;in prossimità;;del civico n.;73/a;;Scontro frontale fra veicoli in marcia;Curva a visuale libera;Una carreggiata a doppio senso;Asciutto;Asfaltata;Orizzontale;Sereno;Intenso;Buona;Ore Diurne;2;0;0;4;12.40936;41.96006;-1;1;Autovettura privata;In marcia / fermata / arresto;Passeggero;F;Illeso;0;;;