Protocollo;Gruppo;DataOraIncidente;Localizzazione1;STRADA1;Localizzazione2;STRADA2;Strada02;Chilometrica;DaSpecificare;NaturaIncidente;particolaritastrade;TipoStrada;FondoStradale;Pavimentazione;Segnaletica;CondizioneAtmosferica;Traffico;Visibilita;Illuminazione;NUM_FERITI;NUM_RISERVATA;NUM_MORTI;NUM_ILLESI;Longitudine;Latitudine;Confermato;Progressivo;TipoVeicolo;StatoVeicolo;TipoPersona;Sesso;Tipolesione;Deceduto;DecedutoDopo;CinturaCascoUtilizzato;Airbag
2398025;17;01/06/2015 20:15;Strada Urbana;VIALE GIUSEPPE MAZZINI;da specificare;;;;prossimità VIA PASUBIO;Scontro laterale fra veicoli in marcia;Rettilineo;Una carreggiata a senso unico di marcia;Asciutto;Asfaltata;Orizzontale;Sereno;Normale;Sufficiente;Sufficiente;1;0;0;1;12.46611;41.91722;-1;1;Motociclo a solo;In marcia / fermata / arresto;Conducente;M;Illeso;0;;Non accertato;
2398025;17;01/06/2015 20:15;Strada Urbana;VIALE GIUSEPPE MAZZINI;da specificare;;;;prossimità VIA PASUBIO;Scontro laterale fra veicoli in marcia;Rettilineo;Una carreggiata a senso unico di marcia;Asciutto;Asfaltata;Orizzontale;Sereno;Normale;Sufficiente;Sufficiente;1;0;0;1;12.46611;41.91722;-1;2;Motociclo a solo;In marcia / fermata / arresto;Conducente;M;Rimandato;0;NON DECEDUTO;Non accertato;
2398030;17;09/06/2015 10:45;Strada Urbana;PIAZZA ADRIANA;in prossimità;;del civico n.;16;;Infortunio per sola frenata improvvisa;Rettilineo;Una carreggiata a senso unico di marcia;Asciutto;Asfaltata;Verticale ed orizzontale;Sereno;Intenso;Buona;Ore Diurne;0;0;0;1;12.46507;41.90446;-1;1;Motociclo a solo;In marcia / fermata / arresto;Conducente;M;Illeso;0;;Non accertato;
2398032;9;09/06/2015 08:40;Strada Urbana;VIA APPIA NUOVA;da specificare;;;;ALT. VIA GENZANO;Veicolo in marcia contro ostacolo accidentale;Rettilineo;Due carreggiate;Asciutto;Asfaltata;Verticale ed orizzontale;Sereno;Normale;Buona;Ore Diurne;1;0;0;1;12.52718;41.87079;-1;1;Autovettura privata;In marcia / fermata / arresto;Conducente;F;Illeso;0;;Utilizzato;Inesploso
2398032;9;09/06/2015 08:40;Strada Urbana;VIA APPIA NUOVA;da specificare;;;;ALT. VIA GENZANO;Veicolo in marcia contro ostacolo accidentale;Rettilineo;Due carreggiate;Asciutto;Asfaltata;Verticale ed orizzontale;Sereno;Normale;Buona;Ore Diurne;1;0;0;1;12.52718;41.87079;-1;2;Motociclo a solo;In marcia / fermata / arresto;Conducente;M;Rimandato;0;NON DECEDUTO;Utilizzato;
2398033;12;08/06/2015 18:20;Strada Urbana;VIALE DELL'OCEANO INDIANO;da specificare;;;;PROSSIMITA' VIA PRAGA FRONTE CIV. 50;Tamponamento Multiplo;Rettilineo;Una carreggiata a doppio senso;Bagnato (pioggia);Asfaltata;Verticale ed orizzontale;Pioggia in atto;Intenso;Buona;Ore Diurne;2;0;0;5;12.4486;41.82464;-1;1;Autovettura di polizia;In marcia / fermata / arresto;Conducente;M;Rimandato;0;NON DECEDUTO;Non accertato;Inesploso
2398033;12;08/06/2015 18:20;Strada Urbana;VIALE DELL'OCEANO INDIANO;da specificare;;;;PROSSIMITA' VIA PRAGA FRONTE CIV. 50;Tamponamento Multiplo;Rettilineo;Una carreggiata a doppio senso;Bagnato (pioggia);Asfaltata;Verticale ed orizzontale;Pioggia in atto;Intenso;Buona;Ore Diurne;2;0;0;5;12.4486;41.82464;-1;1;Autovettura di polizia;In marcia / fermata / arresto;Passeggero;M;Rimandato;0;NON DECEDUTO;Non accertato;Inesploso
2398033;12;08/06/2015 18:20;Strada Urbana;VIALE DELL'OCEANO INDIANO;da specificare;;;;PROSSIMITA' VIA PRAGA FRONTE CIV. 50;Tamponamento Multiplo;Rettilineo;Una carreggiata a doppio senso;Bagnato (pioggia);Asfaltata;Verticale ed orizzontale;Pioggia in atto;Intenso;Buona;Ore Diurne;2;0;0;5;12.4486;41.82464;-1;2;Autovettura privata;In marcia / fermata / arresto;Conducente;F;Illeso;0;;Non accertato;Inesploso
2398033;12;08/06/2015 18:20;Strada Urbana;VIALE DELL'OCEANO INDIANO;da specificare;;;;PROSSIMITA' VIA PRAGA FRONTE CIV. 50;Tamponamento Multiplo;Rettilineo;Una carreggiata a doppio senso;Bagnato (pioggia);Asfaltata;Verticale ed orizzontale;Pioggia in atto;Intenso;Buona;Ore Diurne;2;0;0;5;12.4486;41.82464;-1;2;Autovettura privata;In marcia / fermata / arresto;Passeggero;M;Illeso;0;;Non accertato;Inesploso
2398033;12;08/06/2015 18:20;Strada Urbana;VIALE DELL'OCEANO INDIANO;da specificare;;;;PROSSIMITA' VIA PRAGA FRONTE CIV. 50;Tamponamento Multiplo;Rettilineo;Una carreggiata a doppio senso;Bagnato (pioggia);Asfaltata;Verticale ed orizzontale;Pioggia in atto;Intenso;Buona;Ore Diurne;2;0;0;5;12.4486;41.82464;-1;2;Autovettura privata;In marcia / fermata / arresto;Passeggero;M;Illeso;0;;Non accertato;Inesploso
2398033;12;08/06/2015 18:20;Strada Urbana;VIALE DELL'OCEANO INDIANO;da specificare;;;;PROSSIMITA' VIA PRAGA FRONTE CIV. 50;Tamponamento Multiplo;Rettilineo;Una carreggiata a doppio senso;Bagnato (pioggia);Asfaltata;Verticale ed orizzontale;Pioggia in atto;Intenso;Buona;Ore Diurne;2;0;0;5;12.4486;41.82464;-1;2;Autovettura privata;In marcia / fermata / arresto;Passeggero;M;Illeso;0;;Non accertato;Inesploso
2398033;12;08/06/2015 18:20;Strada Urbana;VIALE DELL'OCEANO INDIANO;da specificare;;;;PROSSIMITA' VIA PRAGA FRONTE CIV. 50;Tamponamento Multiplo;Rettilineo;Una carreggiata a doppio senso;Bagnato (pioggia);Asfaltata;Verticale ed orizzontale;Pioggia in atto;Intenso;Buona;Ore Diurne;2;0;0;5;12.4486;41.82464;-1;3;Autovettura privata;In marcia / fermata / arresto;Conducente;F;Illeso;0;;Non accertato;Inesploso
2398039;4;08/06/2015 22:30;Strada Urbana;VIA GRAN SASSO;in prossimità;;del civico n.;46;;Veicolo in marcia contro veicoli in sosta;Curva a visuale libera;Una carreggiata a senso unico di marcia;Asciutto;Asfaltata;Verticale;Sereno;Normale;Buona;Sufficiente;0;0;0;1;12.53735;41.93941;-1;3;Autovettura privata;In marcia / fermata / arresto;Conducente;M;Illeso;0;;;
2398041;1;08/06/2015 08:40;Strada Urbana;VIALE DELLE TERME DI CARACALLA;all'intersezione semaforizzata con;LARGO DELLE TERME DI CARACALLA;LARGO DELLE TERME DI CARACALLA;;;Scontro frontale/laterale SX fra veicoli in marcia;Intersezione semaforizzata;Più di due carreggiate;Asciutto;Asfaltata;Verticale ed orizzontale;Sereno;Normale;Buona;Ore Diurne;1;0;0;1;12.49516;41.87849;-1;1;Autovettura di polizia;In marcia / fermata / arresto;Conducente;M;Illeso;0;;Non accertato;Inesploso
2398041;1;08/06/2015 08:40;Strada Urbana;VIALE DELLE TERME DI CARACALLA;all'intersezione semaforizzata con;LARGO DELLE TERME DI CARACALLA;LARGO DELLE TERME DI CARACALLA;;;Scontro frontale/laterale SX fra veicoli in marcia;Intersezione semaforizzata;Più di due carreggiate;Asciutto;Asfaltata;Verticale ed orizzontale;Sereno;Normale;Buona;Ore Diurne;1;0;0;1;12.49516;41.87849;-1;2;Motociclo a solo;In marcia / fermata / arresto;Conducente;M;Rimandato;0;NON DECEDUTO;Non accertato;
2398057;11;09/06/2015 10:30;Strada Urbana;VIA DI FIORANELLO;in prossimità;;del civico n.;96;;Scontro frontale fra veicoli in marcia;Curva senza visuale libera;Una carreggiata a doppio senso;Asciutto;Asfaltata;Verticale ed orizzontale;Sereno;Scarso;Buona;Ore Diurne;0;0;0;2;12.56053;41.7835;-1;1;Autocarro inferiore 35 q.;In marcia / fermata / arresto;Conducente;M;Illeso;0;;Non accertato;Inesploso
2398057;11;09/06/2015 10:30;Strada Urbana;VIA DI FIORANELLO;in prossimità;;del civico n.;96;;Scontro frontale fra veicoli in marcia;Curva senza visuale libera;Una carreggiata a doppio senso;Asciutto;Asfaltata;Verticale ed orizzontale;Sereno;Scarso;Buona;Ore Diurne;0;0;0;2;12.56053;41.7835;-1;2;Autovettura privata;In marcia / fermata / arresto;Conducente;M;Illeso;0;;Non accertato;Inesploso
2398060;4;08/06/2015 16:50;Strada Urbana;VIA VAL SANTERNO;all'intersezione con;VIA CONCA D'ORO;VIA CONCA D'ORO;;;Veicolo in marcia contro veicoli in sosta;Intersezione stradale segnalata;Una carreggiata a senso unico di marcia;Bagnato (pioggia);Asfaltata;Verticale ed orizzontale;Pioggia in atto;Normale;Buona;Ore Diurne;0;0;0;1;12.52471;41.94018;-1;1;Autovettura privata;In marcia / fermata / arresto;Conducente;M;Illeso;0;;Non accertato;Inesploso
2398061;1;08/06/2015 02:45;Strada Urbana;PIAZZA DEL POPOLO;in prossimità;;del civico n.;18;;Veicolo in marcia contro ostacolo fisso;Rettilineo;Una carreggiata a senso unico di marcia;Asciutto;In cubetti di porfido;Verticale ed orizzontale;Sereno;Scarso;Sufficiente;Sufficiente;0;0;0;1;12.4755;41.91086;-1;1;Autovettura pubblica;In marcia / fermata / arresto;Conducente;M;Illeso;0;;Non accertato;Inesploso
2398067;9;09/06/2015 09:40;Strada Urbana;VIA CILICIA;da specificare;;;;PROSSIMITA' CIV. 53;Tamponamento;Rettilineo;Due carreggiate;Asciutto;Asfaltata;Orizzontale;Sereno;Normale;Buona;Ore Diurne;0;0;0;1;12.50171;41.87115;-1;1;Autovettura privata;In marcia / fermata / arresto;Conducente;M;Illeso;0;;Utilizzato;Inesploso
2398073;20;08/06/2015 20:10;Strada Urbana;VIA DELLA CAMILLUCCIA;da specificare;;;;fronte civ.759;Veicolo in marcia contro ostacolo accidentale;Rettilineo;Una carreggiata a doppio senso;Asciutto;Asfaltata;Verticale ed orizzontale;Nuvoloso;Normale;Sufficiente;Ore Diurne;1;0;0;0;12.44877;41.94294;-1;1;Motociclo a solo;In marcia / fermata / arresto;Conducente;M;Rimandato;0;NON DECEDUTO;Non accertato;
2398083;1;08/06/2015 01:50;Strada Urbana;PIAZZA VENEZIA;da specificare;;;;LATO PALAZZO ASS.NI GENERALI;Investimento di pedone;Rotatoria;Una carreggiata a senso unico di marcia;Asciutto;Lastricata;Verticale ed orizzontale;Sereno;Scarso;Sufficiente;Sufficiente;0;0;0;2;12.48258;41.89658;-1;;;;Pedone;M;Illeso;0;;;
2398083;1;08/06/2015 01:50;Strada Urbana;PIAZZA VENEZIA;da specificare;;;;LATO PALAZZO ASS.NI GENERALI;Investimento di pedone;Rotatoria;Una carreggiata a senso unico di marcia;Asciutto;Lastricata;Verticale ed orizzontale;Sereno;Scarso;Sufficiente;Sufficiente;0;0;0;2;12.48258;41.89658;-1;1;Autovettura privata;In marcia / fermata / arresto;Conducente;M;Illeso;0;;Non accertato;Inesploso
2398104;20;09/06/2015 11:30;Regionale entro l'abitato;VIA FLAMINIA;in corrispondenza;;del civico n.;593;;Scontro laterale fra veicoli in marcia;Rettilineo;Una carreggiata a doppio senso;Asciutto;Asfaltata;Verticale ed orizzontale;Sereno;Intenso;Buona;Ore Diurne;0;0;0;2;12.47191;41.94271;-1;1;Autovettura privata;In marcia / fermata / arresto;Conducente;M;Illeso;0;;;
2398104;20;09/06/2015 11:30;Regionale entro l'abitato;VIA FLAMINIA;in corrispondenza;;del civico n.;593;;Scontro laterale fra veicoli in marcia;Rettilineo;Una carreggiata a doppio senso;Asciutto;Asfaltata;Verticale ed orizzontale;Sereno;Intenso;Buona;Ore Diurne;0;0;0;2;12.47191;41.94271;-1;2;Autovettura privata;In marcia / fermata / arresto;Conducente;M;Illeso;0;;;
2398110;12;08/06/2015 18:35;Strada Urbana;VIA GIOVANNI GASTALDI;in corrispondenza;;del civico n.;69;;Veicolo in marcia contro ostacolo accidentale;Rettilineo;Una carreggiata a doppio senso;Bagnato (pioggia);Asfaltata;Verticale ed orizzontale;Pioggia in atto;Intenso;Buona;Ore Diurne;0;0;0;1;12.45137;41.79648;-1;1;Autovettura privata;In marcia / fermata / arresto;Conducente;F;Illeso;0;;Non accertato;Inesploso
2398123;6;09/06/2015 12:00;Strada Urbana;VIALE FILARETE;all'intersezione con;VIA GALEAZZO ALESSI;VIA GALEAZZO ALESSI;;;Scontro frontale/laterale DX fra veicoli in marcia;Incrocio;Due carreggiate;Asciutto;Asfaltata;Verticale ed orizzontale;Sereno;Normale;Buona;Ore Diurne;0;0;0;2;12.53852;41.87943;-1;1;Autovettura privata;In marcia / fermata / arresto;Conducente;M;Illeso;0;;Non accertato;Inesploso
2398123;6;09/06/2015 12:00;Strada Urbana;VIALE FILARETE;all'intersezione con;VIA GALEAZZO ALESSI;VIA GALEAZZO ALESSI;;;Scontro frontale/laterale DX fra veicoli in marcia;Incrocio;Due carreggiate;Asciutto;Asfaltata;Verticale ed orizzontale;Sereno;Normale;Buona;Ore Diurne;0;0;0;2;12.53852;41.87943;-1;2;Autovettura privata;In marcia / fermata / arresto;Conducente;M;Illeso;0;;Non accertato;Inesploso
2398164;18;02/06/2015 12:00;Strada Urbana;VIA DI TORREVECCHIA;in prossimità;;del civico n.;1123;;Tamponamento Multiplo;Rettilineo;Una carreggiata a doppio senso;Asciutto;Asfaltata;Assente;Sereno;Normale;Buona;Ore Diurne;0;0;0;6;12.4023;41.91168;-1;1;Autovettura privata;In marcia / fermata / arresto;Conducente;M;Illeso;0;;Utilizzato;Inesploso
2398164;18;02/06/2015 12:00;Strada Urbana;VIA DI TORREVECCHIA;in prossimità;;del civico n.;1123;;Tamponamento Multiplo;Rettilineo;Una carreggiata a doppio senso;Asciutto;Asfaltata;Assente;Sereno;Normale;Buona;Ore Diurne;0;0;0;6;12.4023;41.91168;-1;2;Autovettura privata;In marcia / fermata / arresto;Conducente;F;Illeso;0;;;Inesploso
2398164;18;02/06/2015 12:00;Strada Urbana;VIA DI TORREVECCHIA;in prossimità;;del civico n.;1123;;Tamponamento Multiplo;Rettilineo;Una carreggiata a doppio senso;Asciutto;Asfaltata;Assente;Sereno;Normale;Buona;Ore Diurne;0;0;0;6;12.4023;41.91168;-1;2;Autovettura privata;In marcia / fermata / arresto;Passeggero;F;Illeso;0;;;Inesploso
2398164;18;02/06/2015 12:00;Strada Urbana;VIA DI TORREVECCHIA;in prossimità;;del civico n.;1123;;Tamponamento Multiplo;Rettilineo;Una carreggiata a doppio senso;Asciutto;Asfaltata;Assente;Sereno;Normale;Buona;Ore Diurne;0;0;0;6;12.4023;41.91168;-1;2;Autovettura privata;In marcia / fermata / arresto;Passeggero;M;Illeso;0;;Non accertato;Inesploso
2398164;18;02/06/2015 12:00;Strada Urbana;VIA DI TORREVECCHIA;in prossimità;;del civico n.;1123;;Tamponamento Multiplo;Rettilineo;Una carreggiata a doppio senso;Asciutto;Asfaltata;Assente;Sereno;Normale;Buona;Ore Diurne;0;0;0;6;12.4023;41.91168;-1;3;Autovettura privata;In marcia / fermata / arresto;Conducente;M;Illeso;0;;;
2398164;18;02/06/2015 12:00;Strada Urbana;VIA DI TORREVECCHIA;in prossimità;;del civico n.;1123;;Tamponamento Multiplo;Rettilineo;Una carreggiata a doppio senso;Asciutto;Asfaltata;Assente;Sereno;Normale;Buona;Ore Diurne;0;0;0;6;12.4023;41.91168;-1;3;Autovettura privata;In marcia / fermata / arresto;Passeggero;F;Illeso;0;;;Inesploso
2398171;16;08/06/2015 18:35;Strada Urbana;VIA EDOARDO JENNER;in corrispondenza;;del civico n.;74;;Veicolo in marcia contro ostacolo accidentale;Rettilineo;Una carreggiata a doppio senso;Bagnato (pioggia);Asfaltata;Assente;Pioggia in atto;Normale;Buona;Ore Diurne;0;0;0;2;12.44482;41.87165;-1;1;Motociclo a solo;In marcia / fermata / arresto;Conducente;F;Illeso;0;;;
2398171;16;08/06/2015 18:35;Strada Urbana;VIA EDOARDO JENNER;in corrispondenza;;del civico n.;74;;Veicolo in marcia contro ostacolo accidentale;Rettilineo;Una carreggiata a doppio senso;Bagnato (pioggia);Asfaltata;Assente;Pioggia in atto;Normale;Buona;Ore Diurne;0;0;0;2;12.44482;41.87165;-1;2;Autobus di linea;In marcia / fermata / arresto;Conducente;M;Illeso;0;;;
2398176;1;07/06/2015 03:45;Strada Urbana;VIA GIOBERTI;all'intersezione con;VIA NAPOLEONE III;VIA NAPOLEONE III;;;Tamponamento;Incrocio;Una carreggiata a doppio senso;Asciutto;Asfaltata;Verticale ed orizzontale;Sereno;Scarso;Sufficiente;Sufficiente;1;0;0;2;12.50047;41.89874;-1;1;Autovettura privata;In marcia / fermata / arresto;Conducente;F;Illeso;0;;Non accertato;Inesploso
2398176;1;07/06/2015 03:45;Strada Urbana;VIA GIOBERTI;all'intersezione con;VIA NAPOLEONE III;VIA NAPOLEONE III;;;Tamponamento;Incrocio;Una carreggiata a doppio senso;Asciutto;Asfaltata;Verticale ed orizzontale;Sereno;Scarso;Sufficiente;Sufficiente;1;0;0;2;12.50047;41.89874;-1;1;Autovettura privata;In marcia / fermata / arresto;Passeggero;F;Rimandato;0;NON DECEDUTO;Non accertato;Inesploso
2398176;1;07/06/2015 03:45;Strada Urbana;VIA GIOBERTI;all'intersezione con;VIA NAPOLEONE III;VIA NAPOLEONE III;;;Tamponamento;Incrocio;Una carreggiata a doppio senso;Asciutto;Asfaltata;Verticale ed orizzontale;Sereno;Scarso;Sufficiente;Sufficiente;1;0;0;2;12.50047;41.89874;-1;2;Autovettura pubblica;In marcia / fermata / arresto;Conducente;M;Illeso;0;;Non accertato;Inesploso
2398178;16;09/06/2015 01:20;Strada Urbana;VIA PORTUENSE;all'intersezione semaforizzata con;VIA DEGLI ORTI DI CESARE;VIA DEGLI ORTI DI CESARE;;;Scontro laterale fra veicoli in marcia;Intersezione semaforizzata;Due carreggiate;Asciutto;Asfaltata;Verticale ed orizzontale;Sereno;Normale;Buona;Sufficiente;0;0;0;2;12.46747;41.87276;-1;1;Autovettura privata;In marcia / fermata / arresto;Conducente;M;Illeso;0;;Non accertato;Inesploso
2398178;16;09/06/2015 01:20;Strada Urbana;VIA PORTUENSE;all'intersezione semaforizzata con;VIA DEGLI ORTI DI CESARE;VIA DEGLI ORTI DI CESARE;;;Scontro laterale fra veicoli in marcia;Intersezione semaforizzata;Due carreggiate;Asciutto;Asfaltata;Verticale ed orizzontale;Sereno;Normale;Buona;Sufficiente;0;0;0;2;12.46747;41.87276;-1;2;Autovettura privata;In marcia / fermata / arresto;Conducente;M;Illeso;0;;Non accertato;Inesploso
2398202;1;07/06/2015 05:00;Strada Urbana;CORSO VITTORIO EMANUELE II;in prossimità;;del civico n.;0;;Investimento di pedone;Rettilineo;Una carreggiata a doppio senso;Asciutto;Asfaltata;Assente;Sereno;Scarso;Sufficiente;Sufficiente;1;0;0;0;12.47756;41.89597;-1;;;;Pedone;M;Rimandato;0;NON DECEDUTO;;
2398206;1;07/06/2015 14:25;Strada Urbana;VIA GIOVANNI AMENDOLA;all'intersezione semaforizzata con;VIA CAVOUR;VIA CAVOUR;;;Infortunio per sola frenata improvvisa;Intersezione semaforizzata;Una carreggiata a doppio senso;Asciutto;Asfaltata;Verticale ed orizzontale;Nuvoloso;Normale;Buona;Ore Diurne;1;0;0;0;12.49927;41.90031;-1;1;Motociclo a solo;In marcia / fermata / arresto;Conducente;M;Rifiuta cure immediate;0;NON DECEDUTO;Non accertato;
2398213;3;07/06/2015 15:20;Strada Urbana;VIA DEGLI EQUI;all'intersezione con;PIAZZA DEI CAMPANI;PIAZZA DEI CAMPANI;;;Scontro laterale fra veicoli in marcia;Intersezione non regolata/non segnalata;Due carreggiate;Asciutto;In cubetti di porfido;Assente;Sereno;Scarso;Buona;Ore Diurne;0;0;0;2;12.51318;41.89632;-1;1;Autovettura privata;In marcia / fermata / arresto;Conducente;F;Illeso;0;;Non accertato;Inesploso
2398213;3;07/06/2015 15:20;Strada Urbana;VIA DEGLI EQUI;all'intersezione con;PIAZZA DEI CAMPANI;PIAZZA DEI CAMPANI;;;Scontro laterale fra veicoli in marcia;Intersezione non regolata/non segnalata;Due carreggiate;Asciutto;In cubetti di porfido;Assente;Sereno;Scarso;Buona;Ore Diurne;0;0;0;2;12.51318;41.89632;-1;2;Autovettura privata;In marcia / fermata / arresto;Conducente;M;Illeso;0;;Non accertato;Inesploso
2398221;1;07/06/2015 13:45;Strada Urbana;PIAZZA VITTORIO EMANUELE II;all'intersezione semaforizzata con;VIA PRINCIPE EUGENIO;VIA PRINCIPE EUGENIO;;;Scontro frontale/laterale DX fra veicoli in marcia;Intersezione semaforizzata;Una carreggiata a doppio senso;Asciutto;Asfaltata;Verticale ed orizzontale;Nuvoloso;Normale;Buona;Ore Diurne;0;0;0;2;12.50627;41.89429;-1;1;Autovettura pubblica;In marcia / fermata / arresto;Conducente;M;Illeso;0;;Non accertato;Inesploso
2398221;1;07/06/2015 13:45;Strada Urbana;PIAZZA VITTORIO EMANUELE II;all'intersezione semaforizzata con;VIA PRINCIPE EUGENIO;VIA PRINCIPE EUGENIO;;;Scontro frontale/laterale DX fra veicoli in marcia;Intersezione semaforizzata;Una carreggiata a doppio senso;Asciutto;Asfaltata;Verticale ed orizzontale;Nuvoloso;Normale;Buona;Ore Diurne;0;0;0;2;12.50627;41.89429;-1;2;Autovettura privata;In marcia / fermata / arresto;Conducente;M;Illeso;0;;Non accertato;
2398226;3;08/06/2015 08:40;Strada Urbana;VIALE REGINA MARGHERITA;all'intersezione semaforizzata con;PIAZZA SASSARI;PIAZZA SASSARI;;;Tamponamento;Intersezione semaforizzata;Due carreggiate;Asciutto;Asfaltata;Verticale ed orizzontale;Sereno;Normale;Buona;Ore Diurne;0;0;0;3;12.50648;41.91299;-1;1;Autovettura privata;In marcia / fermata / arresto;Conducente;F;Illeso;0;;Non accertato;Inesploso
2398226;3;08/06/2015 08:40;Strada Urbana;VIALE REGINA MARGHERITA;all'intersezione semaforizzata con;PIAZZA SASSARI;PIAZZA SASSARI;;;Tamponamento;Intersezione semaforizzata;Due carreggiate;Asciutto;Asfaltata;Verticale ed orizzontale;Sereno;Normale;Buona;Ore Diurne;0;0;0;3;12.50648;41.91299;-1;1;Autovettura privata;In marcia / fermata / arresto;Passeggero;F;Illeso;0;;Non accertato;Inesploso
2398226;3;08/06/2015 08:40;Strada Urbana;VIALE REGINA MARGHERITA;all'intersezione semaforizzata con;PIAZZA SASSARI;PIAZZA SASSARI;;;Tamponamento;Intersezione semaforizzata;Due carreggiate;Asciutto;Asfaltata;Verticale ed orizzontale;Sereno;Normale;Buona;Ore Diurne;0;0;0;3;12.50648;41.91299;-1;2;Autovettura privata;In marcia / fermata / arresto;Conducente;M;Illeso;0;;Non accertato;Inesploso
2398228;6;09/06/2015 13:10;Strada Urbana;VIA TOR DE' SCHIAVI;in corrispondenza;;del civico n.;400b;;Investimento di pedone;Rettilineo;Due carreggiate;Asciutto;Asfaltata;Orizzontale;Sereno;Normale;Buona;Ore Diurne;1;0;0;3;12.55963;41.89335;-1;;;;Pedone;M;Illeso;0;;;
2398228;6;09/06/2015 13:10;Strada Urbana;VIA TOR DE' SCHIAVI;in corrispondenza;;del civico n.;400b;;Investimento di pedone;Rettilineo;Due carreggiate;Asciutto;Asfaltata;Orizzontale;Sereno;Normale;Buona;Ore Diurne;1;0;0;3;12.55963;41.89335;-1;;;;Pedone;F;Rimandato;0;NON DECEDUTO;;
2398228;6;09/06/2015 13:10;Strada Urbana;VIA TOR DE' SCHIAVI;in corrispondenza;;del civico n.;400b;;Investimento di pedone;Rettilineo;Due carreggiate;Asciutto;Asfaltata;Orizzontale;Sereno;Normale;Buona;Ore Diurne;1;0;0;3;12.55963;41.89335;-1;1;Autovettura privata;In marcia / fermata / arresto;Conducente;F;Illeso;0;;Non accertato;Inesploso
2398228;6;09/06/2015 13:10;Strada Urbana;VIA TOR DE' SCHIAVI;in corrispondenza;;del civico n.;400b;;Investimento di pedone;Rettilineo;Due carreggiate;Asciutto;Asfaltata;Orizzontale;Sereno;Normale;Buona;Ore Diurne;1;0;0;3;12.55963;41.89335;-1;1;Autovettura privata;In marcia / fermata / arresto;Passeggero;M;Illeso;0;;Non accertato;Inesploso
2398230;3;08/06/2015 11:30;Strada Urbana;VIA TIBURTINA;in corrispondenza;;del civico n.;38;;Veicolo in marcia contro veicolo in sosta;Rettilineo;Una carreggiata a doppio senso;Asciutto;Asfaltata;Verticale ed orizzontale;Sereno;Normale;Buona;Ore Diurne;0;0;0;1;12.51266;41.89744;-1;1;Autocarro inferiore 35 q.;In marcia / fermata / arresto;Conducente;M;Illeso;0;;Non accertato;Inesploso
2398232;6;09/06/2015 08:55;Strada Urbana;VIA PRENESTINA;in prossimità;;del civico n.;121;;Scontro laterale fra veicoli in marcia;Rettilineo;Due carreggiate;Asciutto;Asfaltata;Verticale ed orizzontale;Sereno;Intenso;Buona;Ore Diurne;0;0;0;2;12.53303;41.89232;-1;1;Autovettura privata;In marcia / fermata / arresto;Conducente;F;Illeso;0;;Non accertato;
2398232;6;09/06/2015 08:55;Strada Urbana;VIA PRENESTINA;in prossimità;;del civico n.;121;;Scontro laterale fra veicoli in marcia;Rettilineo;Due carreggiate;Asciutto;Asfaltata;Verticale ed orizzontale;Sereno;Intenso;Buona;Ore Diurne;0;0;0;2;12.53303;41.89232;-1;2;Motociclo a solo;In marcia / fermata / arresto;Conducente;M;Illeso;0;;Non accertato;
2398233;3;09/06/2015 01:08;Strada Urbana;VIA NOMENTANA;all'intersezione semaforizzata con;CORSO TRIESTE;CORSO TRIESTE;;;Scontro frontale/laterale SX fra veicoli in marcia;Intersezione semaforizzata;Più di due carreggiate;Asciutto;Asfaltata;Verticale ed orizzontale;Sereno;Scarso;Sufficiente;Sufficiente;1;0;0;2;12.50857;41.91429;-1;1;Autovettura privata;In marcia / fermata / arresto;Conducente;M;Illeso;0;;Non accertato;Inesploso
2398233;3;09/06/2015 01:08;Strada Urbana;VIA NOMENTANA;all'intersezione semaforizzata con;CORSO TRIESTE;CORSO TRIESTE;;;Scontro frontale/laterale SX fra veicoli in marcia;Intersezione semaforizzata;Più di due carreggiate;Asciutto;Asfaltata;Verticale ed orizzontale;Sereno;Scarso;Sufficiente;Sufficiente;1;0;0;2;12.50857;41.91429;-1;2;Autovettura privata;In marcia / fermata / arresto;Conducente;M;Rifiuta cure immediate;0;NON DECEDUTO;Non accertato;Inesploso
2398233;3;09/06/2015 01:08;Strada Urbana;VIA NOMENTANA;all'intersezione semaforizzata con;CORSO TRIESTE;CORSO TRIESTE;;;Scontro frontale/laterale SX fra veicoli in marcia;Intersezione semaforizzata;Più di due carreggiate;Asciutto;Asfaltata;Verticale ed orizzontale;Sereno;Scarso;Sufficiente;Sufficiente;1;0;0;2;12.50857;41.91429;-1;2;Autovettura privata;In marcia / fermata / arresto;Passeggero;M;Illeso;0;;Non utilizzato;Inesploso
2398236;3;09/06/2015 06:20;Strada Urbana;VIA DEGLI EQUI;all'intersezione con;VIA DEI VOLSCI;VIA DEI VOLSCI;;;Scontro frontale/laterale DX fra veicoli in marcia;Intersezione stradale segnalata;Una carreggiata a senso unico di marcia;Asciutto;In cubetti di porfido;Assente;Sereno;Scarso;Buona;Ore Diurne;0;0;0;3;12.51282;41.8967;-1;1;Autovettura privata;In marcia / fermata / arresto;Conducente;M;Illeso;0;;Non accertato;Inesploso