Protocollo;Gruppo;DataOraIncidente;Localizzazione1;STRADA1;Localizzazione2;STRADA2;Strada02;Chilometrica;DaSpecificare;NaturaIncidente;particolaritastrade;TipoStrada;FondoStradale;Pavimentazione;Segnaletica;CondizioneAtmosferica;Traffico;Visibilita;Illuminazione;NUM_FERITI;NUM_RISERVATA;NUM_MORTI;NUM_ILLESI;Longitudine;Latitudine;Confermato;Progressivo;TipoVeicolo;StatoVeicolo;TipoPersona;Sesso;Tipolesione;Deceduto;DecedutoDopo;CinturaCascoUtilizzato;Airbag
2399231;17;09/06/2015 17:10;Strada Urbana;VIALE VATICANO;da specificare;;;;fronte civico 43;Scontro frontale/laterale SX fra veicoli in marcia;Curva senza visuale libera;Una carreggiata a doppio senso;Asciutto;Asfaltata;Verticale ed orizzontale;Nuvoloso;Intenso;Sufficiente;Ore Diurne;0;0;0;2;12.44872;41.90434;-1;1;Autovettura privata;In marcia / fermata / arresto;Conducente;M;Illeso;0;;;
2399231;17;09/06/2015 17:10;Strada Urbana;VIALE VATICANO;da specificare;;;;fronte civico 43;Scontro frontale/laterale SX fra veicoli in marcia;Curva senza visuale libera;Una carreggiata a doppio senso;Asciutto;Asfaltata;Verticale ed orizzontale;Nuvoloso;Intenso;Sufficiente;Ore Diurne;0;0;0;2;12.44872;41.90434;-1;2;Autobus di linea;In marcia / fermata / arresto;Conducente;M;Illeso;0;;;
2399256;4;09/06/2015 19:15;Strada Urbana;VIA RENATO FUCINI;all'intersezione con;VIA FRANCO SACCHETTI;VIA FRANCO SACCHETTI;;;Scontro laterale fra veicoli in marcia;Intersezione semaforizzata;Due carreggiate;Bagnato (umidità in atto);Asfaltata;Verticale ed orizzontale;Nuvoloso;Intenso;Buona;Ore Diurne;0;0;0;4;12.54733;41.95187;-1;1;Autovettura privata;In marcia / fermata / arresto;Conducente;F;Illeso;0;;Non accertato;Inesploso
2399256;4;09/06/2015 19:15;Strada Urbana;VIA RENATO FUCINI;all'intersezione con;VIA FRANCO SACCHETTI;VIA FRANCO SACCHETTI;;;Scontro laterale fra veicoli in marcia;Intersezione semaforizzata;Due carreggiate;Bagnato (umidità in atto);Asfaltata;Verticale ed orizzontale;Nuvoloso;Intenso;Buona;Ore Diurne;0;0;0;4;12.54733;41.95187;-1;2;Autovettura privata;In marcia / fermata / arresto;Conducente;M;Illeso;0;;Non accertato;Inesploso
2399256;4;09/06/2015 19:15;Strada Urbana;VIA RENATO FUCINI;all'intersezione con;VIA FRANCO SACCHETTI;VIA FRANCO SACCHETTI;;;Scontro laterale fra veicoli in marcia;Intersezione semaforizzata;Due carreggiate;Bagnato (umidità in atto);Asfaltata;Verticale ed orizzontale;Nuvoloso;Intenso;Buona;Ore Diurne;0;0;0;4;12.54733;41.95187;-1;2;Autovettura privata;In marcia / fermata / arresto;Passeggero;F;Illeso;0;;Non accertato;Inesploso
2399256;4;09/06/2015 19:15;Strada Urbana;VIA RENATO FUCINI;all'intersezione con;VIA FRANCO SACCHETTI;VIA FRANCO SACCHETTI;;;Scontro laterale fra veicoli in marcia;Intersezione semaforizzata;Due carreggiate;Bagnato (umidità in atto);Asfaltata;Verticale ed orizzontale;Nuvoloso;Intenso;Buona;Ore Diurne;0;0;0;4;12.54733;41.95187;-1;2;Autovettura privata;In marcia / fermata / arresto;Passeggero;M;Illeso;0;;Non accertato;Inesploso
2399273;17;09/06/2015 12:20;Strada Urbana;VIA IGEA;in prossimità;;del civico n.;48;;Scontro laterale fra veicoli in marcia;Rettilineo;Una carreggiata a doppio senso;Asciutto;Asfaltata;Orizzontale;Sereno;Normale;Buona;Ore Diurne;0;0;0;2;12.4424;41.93477;-1;1;Autovettura privata;In marcia / fermata / arresto;Conducente;F;Illeso;0;;Utilizzato;Inesploso
2399273;17;09/06/2015 12:20;Strada Urbana;VIA IGEA;in prossimità;;del civico n.;48;;Scontro laterale fra veicoli in marcia;Rettilineo;Una carreggiata a doppio senso;Asciutto;Asfaltata;Orizzontale;Sereno;Normale;Buona;Ore Diurne;0;0;0;2;12.4424;41.93477;-1;2;Autovettura privata;In marcia / fermata / arresto;Conducente;M;Illeso;0;;Non accertato;Inesploso
2399275;4;09/06/2015 18:30;Strada Urbana;VIA FRANCO SACCHETTI;all'intersezione con;VIA CARLO DOSSI;VIA CARLO DOSSI;;;Scontro frontale/laterale SX fra veicoli in marcia;Incrocio;Una carreggiata a senso unico di marcia;Bagnato (pioggia);Asfaltata;Verticale ed orizzontale;Nuvoloso;Normale;Buona;Ore Diurne;2;0;0;0;12.54609;41.9496;-1;1;Autovettura privata;In marcia / fermata / arresto;Conducente;F;Rimandato;0;NON DECEDUTO;Non accertato;Inesploso
2399275;4;09/06/2015 18:30;Strada Urbana;VIA FRANCO SACCHETTI;all'intersezione con;VIA CARLO DOSSI;VIA CARLO DOSSI;;;Scontro frontale/laterale SX fra veicoli in marcia;Incrocio;Una carreggiata a senso unico di marcia;Bagnato (pioggia);Asfaltata;Verticale ed orizzontale;Nuvoloso;Normale;Buona;Ore Diurne;2;0;0;0;12.54609;41.9496;-1;2;Motociclo a solo;In marcia / fermata / arresto;Conducente;M;Rimandato;0;NON DECEDUTO;Non accertato;
2399292;4;10/06/2015 01:00;Strada Urbana;VIA DELLA RISERVA GRANDE;all'intersezione semaforizzata con;VIA CASOREZZO;VIA CASOREZZO;;;Fuoriuscita dalla sede stradale;Intersezione semaforizzata;Una carreggiata a doppio senso;Asciutto;Asfaltata;Verticale;Sereno;Scarso;Sufficiente;Sufficiente;2;0;0;0;12.3829;41.95191;-1;1;Autovettura privata;In marcia / fermata / arresto;Conducente;M;Ricoverato;0;NON DECEDUTO;Non accertato;Inesploso
2399292;4;10/06/2015 01:00;Strada Urbana;VIA DELLA RISERVA GRANDE;all'intersezione semaforizzata con;VIA CASOREZZO;VIA CASOREZZO;;;Fuoriuscita dalla sede stradale;Intersezione semaforizzata;Una carreggiata a doppio senso;Asciutto;Asfaltata;Verticale;Sereno;Scarso;Sufficiente;Sufficiente;2;0;0;0;12.3829;41.95191;-1;1;Autovettura privata;In marcia / fermata / arresto;Passeggero;M;Ricoverato;0;NON DECEDUTO;Non accertato;Inesploso
2399295;23;08/06/2015 08:15;Strada Urbana;LUNGOTEVERE MARZIO;all'intersezione semaforizzata con;PONTE CAVOUR;PONTE CAVOUR;;;Scontro frontale/laterale SX fra veicoli in marcia;Intersezione semaforizzata;Una carreggiata a senso unico di marcia;Asciutto;Asfaltata;Verticale ed orizzontale;Sereno;Scarso;Buona;Ore Diurne;1;0;0;1;12.47505;41.90492;-1;1;Motociclo a solo;In marcia / fermata / arresto;Conducente;M;Illeso;0;;Utilizzato;
2399295;23;08/06/2015 08:15;Strada Urbana;LUNGOTEVERE MARZIO;all'intersezione semaforizzata con;PONTE CAVOUR;PONTE CAVOUR;;;Scontro frontale/laterale SX fra veicoli in marcia;Intersezione semaforizzata;Una carreggiata a senso unico di marcia;Asciutto;Asfaltata;Verticale ed orizzontale;Sereno;Scarso;Buona;Ore Diurne;1;0;0;1;12.47505;41.90492;-1;2;Motociclo a solo;In marcia / fermata / arresto;Conducente;M;Rimandato;0;NON DECEDUTO;Utilizzato;
2399296;5;10/06/2015 10:00;Strada Urbana;VIA DOMENICO CUCCHIARI;in prossimità;;del civico n.;19;;Scontro laterale fra veicoli in marcia;Rettilineo;Una carreggiata a doppio senso;Asciutto;Asfaltata;Verticale ed orizzontale;Sereno;Normale;Buona;Ore Diurne;0;0;0;2;12.53504;41.8994;-1;1;Autovettura privata;In marcia / fermata / arresto;Conducente;M;Illeso;0;;Non accertato;Inesistente
2399296;5;10/06/2015 10:00;Strada Urbana;VIA DOMENICO CUCCHIARI;in prossimità;;del civico n.;19;;Scontro laterale fra veicoli in marcia;Rettilineo;Una carreggiata a doppio senso;Asciutto;Asfaltata;Verticale ed orizzontale;Sereno;Normale;Buona;Ore Diurne;0;0;0;2;12.53504;41.8994;-1;2;Autovettura privata;In marcia / fermata / arresto;Conducente;F;Illeso;0;;Non accertato;Inesistente
2399312;23;08/06/2015 11:30;Strada Urbana;LARGO DI TORRE ARGENTINA;in prossimità;;del civico n.;13;;Tamponamento;Rettilineo;Una carreggiata a doppio senso;Asciutto;Asfaltata;Orizzontale;Sereno;Normale;Buona;Ore Diurne;1;0;0;1;12.47686;41.89605;-1;1;Autocarro inferiore 35 q.;In marcia / fermata / arresto;Conducente;M;Illeso;0;;Utilizzato;Inesploso
2399312;23;08/06/2015 11:30;Strada Urbana;LARGO DI TORRE ARGENTINA;in prossimità;;del civico n.;13;;Tamponamento;Rettilineo;Una carreggiata a doppio senso;Asciutto;Asfaltata;Orizzontale;Sereno;Normale;Buona;Ore Diurne;1;0;0;1;12.47686;41.89605;-1;2;Motociclo a solo;In marcia / fermata / arresto;Conducente;M;Rifiuta cure immediate;0;NON DECEDUTO;Utilizzato;
2399316;12;09/06/2015 11:30;Strada Urbana;LARGO ANTONIO ANNARUMMA;in corrispondenza;;del civico n.;116;;Veicolo in marcia contro veicolo in sosta;Rettilineo;Una carreggiata a senso unico di marcia;Asciutto;Asfaltata;Verticale;Sereno;Scarso;Sufficiente;Ore Diurne;0;0;0;1;12.44779;41.79177;-1;1;Autovettura privata;In marcia / fermata / arresto;Conducente;M;Illeso;0;;Utilizzato;Inesploso
2399331;23;08/06/2015 17:40;Strada Urbana;VIA CAPITAN BAVASTRO;all'intersezione con;VIA RODRIGO DE TRIANA ;VIA RODRIGO DE TRIANA ;;;Infortunio per caduta del veicolo;Rotatoria;Più di due carreggiate;Bagnato (pioggia);Asfaltata;Verticale ed orizzontale;Pioggia in atto;Normale;Sufficiente;Ore Diurne;1;0;0;0;12.49459;41.86931;-1;1;Ciclomotore;In marcia / fermata / arresto;Conducente;M;Rimandato;0;NON DECEDUTO;Utilizzato;
2399337;18;04/06/2015 08:40;Strada Urbana;CIRCONVALLAZIONE CORNELIA;in prossimità;;del civico n.;65;;Scontro laterale fra veicoli in marcia;Rettilineo;Due carreggiate;Asciutto;Asfaltata;Verticale ed orizzontale;Sereno;Scarso;Buona;Ore Diurne;1;0;0;2;12.42622;41.9008;-1;1;Motociclo a solo;In marcia / fermata / arresto;Conducente;M;Illeso;0;;Non accertato;
2399337;18;04/06/2015 08:40;Strada Urbana;CIRCONVALLAZIONE CORNELIA;in prossimità;;del civico n.;65;;Scontro laterale fra veicoli in marcia;Rettilineo;Due carreggiate;Asciutto;Asfaltata;Verticale ed orizzontale;Sereno;Scarso;Buona;Ore Diurne;1;0;0;2;12.42622;41.9008;-1;2;Motociclo a solo;In marcia / fermata / arresto;Conducente;M;Illeso;0;;;
2399337;18;04/06/2015 08:40;Strada Urbana;CIRCONVALLAZIONE CORNELIA;in prossimità;;del civico n.;65;;Scontro laterale fra veicoli in marcia;Rettilineo;Due carreggiate;Asciutto;Asfaltata;Verticale ed orizzontale;Sereno;Scarso;Buona;Ore Diurne;1;0;0;2;12.42622;41.9008;-1;2;Motociclo a solo;In marcia / fermata / arresto;Passeggero;F;Rimandato;0;NON DECEDUTO;Non accertato;
2399350;18;06/06/2015 14:45;Strada Urbana;VIA DI BOCCEA;da specificare;;;;prossimità via Don Carlo Gnocchi;Tamponamento Multiplo;Rettilineo;Una carreggiata a doppio senso;Asciutto;Asfaltata;Verticale ed orizzontale;Sereno;Normale;Buona;Ore Diurne;0;0;0;3;12.39381;41.91091;-1;1;Autovettura privata;In marcia / fermata / arresto;Conducente;M;Illeso;0;;Non accertato;
2399350;18;06/06/2015 14:45;Strada Urbana;VIA DI BOCCEA;da specificare;;;;prossimità via Don Carlo Gnocchi;Tamponamento Multiplo;Rettilineo;Una carreggiata a doppio senso;Asciutto;Asfaltata;Verticale ed orizzontale;Sereno;Normale;Buona;Ore Diurne;0;0;0;3;12.39381;41.91091;-1;2;Autovettura privata;In marcia / fermata / arresto;Conducente;M;Illeso;0;;Non accertato;
2399350;18;06/06/2015 14:45;Strada Urbana;VIA DI BOCCEA;da specificare;;;;prossimità via Don Carlo Gnocchi;Tamponamento Multiplo;Rettilineo;Una carreggiata a doppio senso;Asciutto;Asfaltata;Verticale ed orizzontale;Sereno;Normale;Buona;Ore Diurne;0;0;0;3;12.39381;41.91091;-1;3;Autovettura privata;In marcia / fermata / arresto;Conducente;M;Illeso;0;;Non accertato;
2399356;18;05/06/2015 15:50;Strada Urbana;CIRCONVALLAZIONE AURELIA;all'intersezione con;VIA GIUSEPPE PALOMBINI;VIA GIUSEPPE PALOMBINI;;;Scontro laterale fra veicoli in marcia;Intersezione stradale segnalata;Due carreggiate;Asciutto;Asfaltata;Verticale ed orizzontale;Sereno;Normale;Buona;Ore Diurne;0;0;0;2;12.42878;41.89664;-1;1;Autovettura privata;In marcia / fermata / arresto;Conducente;F;Illeso;0;;;
2399356;18;05/06/2015 15:50;Strada Urbana;CIRCONVALLAZIONE AURELIA;all'intersezione con;VIA GIUSEPPE PALOMBINI;VIA GIUSEPPE PALOMBINI;;;Scontro laterale fra veicoli in marcia;Intersezione stradale segnalata;Due carreggiate;Asciutto;Asfaltata;Verticale ed orizzontale;Sereno;Normale;Buona;Ore Diurne;0;0;0;2;12.42878;41.89664;-1;2;Motociclo a solo;In marcia / fermata / arresto;Conducente;F;Illeso;0;;;
2399374;17;10/06/2015 10:10;Strada Urbana;VIA OTRANTO;in corrispondenza;;del civico n.;18/20;;Veicolo in marcia contro veicoli in sosta;Rettilineo;Una carreggiata a senso unico di marcia;Asciutto;Asfaltata;Verticale ed orizzontale;Sereno;Scarso;Buona;Ore Diurne;0;0;0;1;12.45678;41.90968;-1;2;Autovettura privata;In marcia / fermata / arresto;Conducente;M;Illeso;0;;Non accertato;Inesploso
2399384;2;08/06/2015 18:45;Strada Urbana;PIAZZA FIUME;all'intersezione con;CORSO D'ITALIA;CORSO D'ITALIA;;;Investimento di pedone;Incrocio;Una carreggiata a senso unico di marcia;Bagnato (umidità in atto);Asfaltata;Verticale ed orizzontale;Nuvoloso;Normale;Sufficiente;Sufficiente;1;0;0;0;12.49858;41.91109;-1;;;;Pedone;F;Rifiuta cure immediate;0;NON DECEDUTO;;
2399389;10;10/06/2015 11:30;Strada Urbana;VIA DOMENICO BACCARINI;all'intersezione con;VIA FRANCESCO DI BENEDETTO;VIA FRANCESCO DI BENEDETTO;;;Scontro frontale/laterale SX fra veicoli in marcia;Incrocio;Una carreggiata a doppio senso;Asciutto;Asfaltata;Verticale;Sereno;Scarso;Buona;Ore Diurne;1;0;0;4;12.59533;41.84035;-1;1;Autovettura privata;In marcia / fermata / arresto;Conducente;F;Rimandato;0;NON DECEDUTO;Non accertato;Esploso
2399389;10;10/06/2015 11:30;Strada Urbana;VIA DOMENICO BACCARINI;all'intersezione con;VIA FRANCESCO DI BENEDETTO;VIA FRANCESCO DI BENEDETTO;;;Scontro frontale/laterale SX fra veicoli in marcia;Incrocio;Una carreggiata a doppio senso;Asciutto;Asfaltata;Verticale;Sereno;Scarso;Buona;Ore Diurne;1;0;0;4;12.59533;41.84035;-1;2;Autovettura privata;In marcia / fermata / arresto;Conducente;F;Illeso;0;;Non accertato;Inesploso
2399389;10;10/06/2015 11:30;Strada Urbana;VIA DOMENICO BACCARINI;all'intersezione con;VIA FRANCESCO DI BENEDETTO;VIA FRANCESCO DI BENEDETTO;;;Scontro frontale/laterale SX fra veicoli in marcia;Incrocio;Una carreggiata a doppio senso;Asciutto;Asfaltata;Verticale;Sereno;Scarso;Buona;Ore Diurne;1;0;0;4;12.59533;41.84035;-1;2;Autovettura privata;In marcia / fermata / arresto;Passeggero;M;Illeso;0;;Non accertato;Inesploso
2399389;10;10/06/2015 11:30;Strada Urbana;VIA DOMENICO BACCARINI;all'intersezione con;VIA FRANCESCO DI BENEDETTO;VIA FRANCESCO DI BENEDETTO;;;Scontro frontale/laterale SX fra veicoli in marcia;Incrocio;Una carreggiata a doppio senso;Asciutto;Asfaltata;Verticale;Sereno;Scarso;Buona;Ore Diurne;1;0;0;4;12.59533;41.84035;-1;2;Autovettura privata;In marcia / fermata / arresto;Passeggero;M;Illeso;0;;Non accertato;Inesploso
2399389;10;10/06/2015 11:30;Strada Urbana;VIA DOMENICO BACCARINI;all'intersezione con;VIA FRANCESCO DI BENEDETTO;VIA FRANCESCO DI BENEDETTO;;;Scontro frontale/laterale SX fra veicoli in marcia;Incrocio;Una carreggiata a doppio senso;Asciutto;Asfaltata;Verticale;Sereno;Scarso;Buona;Ore Diurne;1;0;0;4;12.59533;41.84035;-1;2;Autovettura privata;In marcia / fermata / arresto;Passeggero;F;Illeso;0;;Non accertato;Inesploso
2399461;18;09/06/2015 21:20;Strada Urbana;LARGO GREGORIO XIII;in prossimità;;del civico n.;18;;Veicolo in marcia contro veicolo in sosta;Rettilineo;Una carreggiata a doppio senso;Asciutto;Asfaltata;Verticale ed orizzontale;Nuvoloso;Normale;Buona;Sufficiente;1;0;0;0;12.41891;41.90378;-1;1;Motociclo a solo;In marcia / fermata / arresto;Conducente;M;Rimandato;0;NON DECEDUTO;;
2399467;12;10/06/2015 09:05;Provinciale;VIA OSTIENSE;da specificare;;;;Altezza GRA (Direzione Roma Centro);Tamponamento Multiplo;Pendenza;Due carreggiate;Asciutto;Asfaltata;Verticale ed orizzontale;Sereno;Normale;Buona;Ore Diurne;2;0;0;1;12.41945;41.80418;-1;1;Autovettura privata;In marcia / fermata / arresto;Conducente;F;Ricoverato;0;NON DECEDUTO;Utilizzato;Inesploso
2399467;12;10/06/2015 09:05;Provinciale;VIA OSTIENSE;da specificare;;;;Altezza GRA (Direzione Roma Centro);Tamponamento Multiplo;Pendenza;Due carreggiate;Asciutto;Asfaltata;Verticale ed orizzontale;Sereno;Normale;Buona;Ore Diurne;2;0;0;1;12.41945;41.80418;-1;2;Autovettura privata;In marcia / fermata / arresto;Conducente;F;Ricoverato;0;NON DECEDUTO;Utilizzato;Inesploso
2399467;12;10/06/2015 09:05;Provinciale;VIA OSTIENSE;da specificare;;;;Altezza GRA (Direzione Roma Centro);Tamponamento Multiplo;Pendenza;Due carreggiate;Asciutto;Asfaltata;Verticale ed orizzontale;Sereno;Normale;Buona;Ore Diurne;2;0;0;1;12.41945;41.80418;-1;3;Autovettura privata;In marcia / fermata / arresto;Conducente;M;Illeso;0;;Utilizzato;Inesploso
2399489;12;10/06/2015 10:45;Strada Urbana;VIALE CARLO LEVI;da specificare;;;;Altezza piazza G. Piovene (Dir. via Laurentina);Veicolo in marcia contro ostacolo accidentale;Rettilineo;Due carreggiate;Asciutto;Asfaltata;Verticale ed orizzontale;Sereno;Normale;Buona;Ore Diurne;0;0;0;1;12.46668;41.81164;-1;1;Autovettura privata;In marcia / fermata / arresto;Conducente;M;Illeso;0;;Non accertato;Inesploso
2399492;12;10/06/2015 10:40;Strada Urbana;VIALE CARLO LEVI;da specificare;;;;Altezza piazza G. Piovene (Dir. via Laurentina);Veicolo in marcia contro ostacolo accidentale;Rettilineo;Due carreggiate;Asciutto;Asfaltata;Verticale ed orizzontale;Sereno;Normale;Buona;Ore Diurne;0;0;0;1;12.46675;41.81164;-1;1;Autovettura privata;In marcia / fermata / arresto;Conducente;M;Illeso;0;;Non accertato;Inesploso
2399495;12;10/06/2015 10:50;Strada Urbana;VIALE CARLO LEVI;da specificare;;;;Altezza piazza G. Piovene (Dir. via Laurentina);Veicolo in marcia contro ostacolo accidentale;Rettilineo;Due carreggiate;Asciutto;Asfaltata;Verticale ed orizzontale;Sereno;Normale;Buona;Ore Diurne;0;0;0;1;12.46683;41.81164;-1;1;Autovettura privata;In marcia / fermata / arresto;Conducente;M;Illeso;0;;Non accertato;Inesploso
2399498;19;10/06/2015;Strada Urbana;VIA BENEDETTO BACCHINI;da specificare;;;;snc;Scontro frontale fra veicoli in marcia;Curva senza visuale libera;Una carreggiata a doppio senso;Asciutto;Asfaltata;Orizzontale;Sereno;Normale;Buona;Ore Diurne;0;0;0;2;12.49637;41.90278;-1;1;Autocarro inferiore 35 q.;In marcia / fermata / arresto;Conducente;M;Illeso;0;;;
2399498;19;10/06/2015;Strada Urbana;VIA BENEDETTO BACCHINI;da specificare;;;;snc;Scontro frontale fra veicoli in marcia;Curva senza visuale libera;Una carreggiata a doppio senso;Asciutto;Asfaltata;Orizzontale;Sereno;Normale;Buona;Ore Diurne;0;0;0;2;12.49637;41.90278;-1;2;Autovettura privata;In marcia / fermata / arresto;Conducente;F;Illeso;0;;;
2399555;1;09/06/2015 17:30;Strada Urbana;PIAZZA VITTORIO EMANUELE II;in corrispondenza;;del palo luce n.;3;;Investimento di pedone;Rettilineo;Due carreggiate;Asciutto;Asfaltata;Verticale ed orizzontale;Sereno;Normale;Sufficiente;Ore Diurne;1;0;0;2;12.50347;41.89422;-1;;;;Pedone;F;Rimandato;0;NON DECEDUTO;;
2399555;1;09/06/2015 17:30;Strada Urbana;PIAZZA VITTORIO EMANUELE II;in corrispondenza;;del palo luce n.;3;;Investimento di pedone;Rettilineo;Due carreggiate;Asciutto;Asfaltata;Verticale ed orizzontale;Sereno;Normale;Sufficiente;Ore Diurne;1;0;0;2;12.50347;41.89422;-1;1;Autovettura privata;In marcia / fermata / arresto;Conducente;M;Illeso;0;;Non accertato;
2399555;1;09/06/2015 17:30;Strada Urbana;PIAZZA VITTORIO EMANUELE II;in corrispondenza;;del palo luce n.;3;;Investimento di pedone;Rettilineo;Due carreggiate;Asciutto;Asfaltata;Verticale ed orizzontale;Sereno;Normale;Sufficiente;Ore Diurne;1;0;0;2;12.50347;41.89422;-1;1;Autovettura privata;In marcia / fermata / arresto;Passeggero;F;Illeso;0;;Non accertato;Inesploso
2399574;2;10/06/2015 12:55;Strada Urbana;VIA SALARIA;in prossimità;;del civico n.;277;;Ribaltamento senza urto contro ostacolo fisso;Curva a visuale libera;Due carreggiate;Asciutto;Asfaltata;Verticale ed orizzontale;Sereno;Normale;Buona;Ore Diurne;0;0;0;1;12.50907;41.93061;-1;1;Motociclo a solo;In marcia / fermata / arresto;Conducente;M;Illeso;0;;Non accertato;
2399581;16;08/06/2015 10:25;Strada Urbana;VIA DEL CASALETTO;in prossimità;;del civico n.;527;;Veicolo in marcia contro veicolo in sosta;Rettilineo;Una carreggiata a doppio senso;Asciutto;Asfaltata;Orizzontale;Sereno;Scarso;Buona;Ore Diurne;0;0;0;1;12.43881;41.8595;-1;2;Autovettura privata;In marcia / fermata / arresto;Conducente;M;Illeso;0;;Non accertato;Inesploso
2399608;20;09/06/2015 12:00;Strada Urbana;VIADOTTO GIUBILEO DEL 2000;da specificare;;;;direzione Terni 300 mt circa dopo GRA;Ribaltamento senza urto contro ostacolo fisso;Curva a visuale libera;Due carreggiate;Asciutto;Asfaltata;Verticale ed orizzontale;Sereno;Scarso;Buona;Ore Diurne;1;0;0;0;12.49521;41.98966;-1;1;Motociclo a solo;In marcia / fermata / arresto;Conducente;M;Rimandato;0;NON DECEDUTO;Non accertato;
2399612;6;10/06/2015 14:35;Strada Urbana;VIA DI PORTONACCIO;all'intersezione con;VIA LATINO SILVIO;VIA LATINO SILVIO;;;Scontro frontale/laterale SX fra veicoli in marcia;Incrocio;Due carreggiate;Asciutto;Asfaltata;Orizzontale;Sereno;Normale;Buona;Ore Diurne;1;0;0;2;12.54134;41.8963;-1;1;Ciclomotore;In marcia / fermata / arresto;Conducente;F;Rimandato;0;NON DECEDUTO;Non accertato;
2399612;6;10/06/2015 14:35;Strada Urbana;VIA DI PORTONACCIO;all'intersezione con;VIA LATINO SILVIO;VIA LATINO SILVIO;;;Scontro frontale/laterale SX fra veicoli in marcia;Incrocio;Due carreggiate;Asciutto;Asfaltata;Orizzontale;Sereno;Normale;Buona;Ore Diurne;1;0;0;2;12.54134;41.8963;-1;2;Autovettura privata;In marcia / fermata / arresto;Conducente;M;Illeso;0;;Non accertato;Inesploso
2399612;6;10/06/2015 14:35;Strada Urbana;VIA DI PORTONACCIO;all'intersezione con;VIA LATINO SILVIO;VIA LATINO SILVIO;;;Scontro frontale/laterale SX fra veicoli in marcia;Incrocio;Due carreggiate;Asciutto;Asfaltata;Orizzontale;Sereno;Normale;Buona;Ore Diurne;1;0;0;2;12.54134;41.8963;-1;2;Autovettura privata;In marcia / fermata / arresto;Passeggero;F;Illeso;0;;Non accertato;Inesploso
2399613;16;09/06/2015 17:50;Strada Urbana;VIA PIO SPEZI;all'intersezione con;VIA LA MONACHINA;VIA LA MONACHINA;;;Scontro frontale/laterale DX fra veicoli in marcia;Incrocio;Una carreggiata a doppio senso;Asciutto;Asfaltata;Orizzontale;Nuvoloso;Normale;Buona;Ore Diurne;0;0;0;7;12.36392;41.88791;-1;1;Autovettura privata;In marcia / fermata / arresto;Conducente;M;Illeso;0;;Non accertato;Esploso
2399613;16;09/06/2015 17:50;Strada Urbana;VIA PIO SPEZI;all'intersezione con;VIA LA MONACHINA;VIA LA MONACHINA;;;Scontro frontale/laterale DX fra veicoli in marcia;Incrocio;Una carreggiata a doppio senso;Asciutto;Asfaltata;Orizzontale;Nuvoloso;Normale;Buona;Ore Diurne;0;0;0;7;12.36392;41.88791;-1;2;Autovettura privata;In marcia / fermata / arresto;Conducente;M;Illeso;0;;Non accertato;Inesploso
2399613;16;09/06/2015 17:50;Strada Urbana;VIA PIO SPEZI;all'intersezione con;VIA LA MONACHINA;VIA LA MONACHINA;;;Scontro frontale/laterale DX fra veicoli in marcia;Incrocio;Una carreggiata a doppio senso;Asciutto;Asfaltata;Orizzontale;Nuvoloso;Normale;Buona;Ore Diurne;0;0;0;7;12.36392;41.88791;-1;2;Autovettura privata;In marcia / fermata / arresto;Passeggero;M;Illeso;0;;Non accertato;Inesploso
2399613;16;09/06/2015 17:50;Strada Urbana;VIA PIO SPEZI;all'intersezione con;VIA LA MONACHINA;VIA LA MONACHINA;;;Scontro frontale/laterale DX fra veicoli in marcia;Incrocio;Una carreggiata a doppio senso;Asciutto;Asfaltata;Orizzontale;Nuvoloso;Normale;Buona;Ore Diurne;0;0;0;7;12.36392;41.88791;-1;3;Autovettura privata;In marcia / fermata / arresto;Conducente;F;Illeso;0;;Non accertato;Inesploso
2399613;16;09/06/2015 17:50;Strada Urbana;VIA PIO SPEZI;all'intersezione con;VIA LA MONACHINA;VIA LA MONACHINA;;;Scontro frontale/laterale DX fra veicoli in marcia;Incrocio;Una carreggiata a doppio senso;Asciutto;Asfaltata;Orizzontale;Nuvoloso;Normale;Buona;Ore Diurne;0;0;0;7;12.36392;41.88791;-1;3;Autovettura privata;In marcia / fermata / arresto;Passeggero;F;Illeso;0;;Non accertato;Inesploso
2399613;16;09/06/2015 17:50;Strada Urbana;VIA PIO SPEZI;all'intersezione con;VIA LA MONACHINA;VIA LA MONACHINA;;;Scontro frontale/laterale DX fra veicoli in marcia;Incrocio;Una carreggiata a doppio senso;Asciutto;Asfaltata;Orizzontale;Nuvoloso;Normale;Buona;Ore Diurne;0;0;0;7;12.36392;41.88791;-1;3;Autovettura privata;In marcia / fermata / arresto;Passeggero;F;Illeso;0;;Non accertato;Inesploso
2399613;16;09/06/2015 17:50;Strada Urbana;VIA PIO SPEZI;all'intersezione con;VIA LA MONACHINA;VIA LA MONACHINA;;;Scontro frontale/laterale DX fra veicoli in marcia;Incrocio;Una carreggiata a doppio senso;Asciutto;Asfaltata;Orizzontale;Nuvoloso;Normale;Buona;Ore Diurne;0;0;0;7;12.36392;41.88791;-1;3;Autovettura privata;In marcia / fermata / arresto;Passeggero;F;Illeso;0;;Non accertato;Inesploso
2399641;20;09/06/2015 19:10;Strada Urbana;VIA FLAMINIA;da specificare;;;;prossimità viale di Tor di Quinto;Tamponamento;Curva a visuale libera;Una carreggiata a senso unico di marcia;Asciutto;Asfaltata;Verticale ed orizzontale;Sereno;Normale;Buona;Ore Diurne;0;0;0;3;12.47185;41.94192;-1;1;Autovettura privata;In marcia / fermata / arresto;Conducente;F;Illeso;0;;Non accertato;