Protocollo;Gruppo;DataOraIncidente;Localizzazione1;STRADA1;Localizzazione2;STRADA2;Strada02;Chilometrica;DaSpecificare;NaturaIncidente;particolaritastrade;TipoStrada;FondoStradale;Pavimentazione;Segnaletica;CondizioneAtmosferica;Traffico;Visibilita;Illuminazione;NUM_FERITI;NUM_RISERVATA;NUM_MORTI;NUM_ILLESI;Longitudine;Latitudine;Confermato;Progressivo;TipoVeicolo;StatoVeicolo;TipoPersona;Sesso;Tipolesione;Deceduto;DecedutoDopo;CinturaCascoUtilizzato;Airbag
2402166;15;12/06/2015 15:50;Strada Urbana;VIA AVICENNA;in prossimità;;del civico n.;29;;Investimento di pedone;Rettilineo;Una carreggiata a senso unico di marcia;Asciutto;Asfaltata;Assente;Nuvoloso;Normale;Buona;Ore Diurne;1;0;0;1;12.47184;41.86386;-1;1;Autovettura privata;In marcia / fermata / arresto;Conducente;F;Illeso;0;;Utilizzato;Inesploso
2402207;18;10/06/2015 00:20;Strada Urbana;VIA DI SELVA CANDIDA;da specificare;;;;in prossimita' di Viale Antonio Gandin;Scontro laterale fra veicoli in marcia;Rettilineo;Una carreggiata a doppio senso;Asciutto;Asfaltata;Verticale ed orizzontale;Sereno;Scarso;Buona;Sufficiente;0;0;0;5;12.37566;41.92798;-1;1;Autovettura privata;In marcia / fermata / arresto;Conducente;M;Illeso;0;;Non accertato;Inesploso
2402207;18;10/06/2015 00:20;Strada Urbana;VIA DI SELVA CANDIDA;da specificare;;;;in prossimita' di Viale Antonio Gandin;Scontro laterale fra veicoli in marcia;Rettilineo;Una carreggiata a doppio senso;Asciutto;Asfaltata;Verticale ed orizzontale;Sereno;Scarso;Buona;Sufficiente;0;0;0;5;12.37566;41.92798;-1;1;Autovettura privata;In marcia / fermata / arresto;Passeggero;M;Illeso;0;;;
2402207;18;10/06/2015 00:20;Strada Urbana;VIA DI SELVA CANDIDA;da specificare;;;;in prossimita' di Viale Antonio Gandin;Scontro laterale fra veicoli in marcia;Rettilineo;Una carreggiata a doppio senso;Asciutto;Asfaltata;Verticale ed orizzontale;Sereno;Scarso;Buona;Sufficiente;0;0;0;5;12.37566;41.92798;-1;1;Autovettura privata;In marcia / fermata / arresto;Passeggero;F;Illeso;0;;;
2402207;18;10/06/2015 00:20;Strada Urbana;VIA DI SELVA CANDIDA;da specificare;;;;in prossimita' di Viale Antonio Gandin;Scontro laterale fra veicoli in marcia;Rettilineo;Una carreggiata a doppio senso;Asciutto;Asfaltata;Verticale ed orizzontale;Sereno;Scarso;Buona;Sufficiente;0;0;0;5;12.37566;41.92798;-1;1;Autovettura privata;In marcia / fermata / arresto;Passeggero;M;Illeso;0;;Non accertato;Inesploso
2402207;18;10/06/2015 00:20;Strada Urbana;VIA DI SELVA CANDIDA;da specificare;;;;in prossimita' di Viale Antonio Gandin;Scontro laterale fra veicoli in marcia;Rettilineo;Una carreggiata a doppio senso;Asciutto;Asfaltata;Verticale ed orizzontale;Sereno;Scarso;Buona;Sufficiente;0;0;0;5;12.37566;41.92798;-1;2;Autovettura privata;In marcia / fermata / arresto;Conducente;F;Illeso;0;;Non accertato;Inesploso
2402208;2;12/06/2015 12:20;Strada Urbana;CORSO D'ITALIA;in corrispondenza;;del civico n.;29;;Scontro laterale fra veicoli in marcia;Rettilineo;Una carreggiata a senso unico di marcia;Asciutto;Asfaltata;Assente;Sereno;Normale;Buona;Ore Diurne;1;0;0;2;12.49273;41.91098;-1;1;Motociclo a solo;In marcia / fermata / arresto;Conducente;M;Rifiuta cure immediate;0;NON DECEDUTO;Non accertato;
2402208;2;12/06/2015 12:20;Strada Urbana;CORSO D'ITALIA;in corrispondenza;;del civico n.;29;;Scontro laterale fra veicoli in marcia;Rettilineo;Una carreggiata a senso unico di marcia;Asciutto;Asfaltata;Assente;Sereno;Normale;Buona;Ore Diurne;1;0;0;2;12.49273;41.91098;-1;2;Autovettura privata;In marcia / fermata / arresto;Conducente;F;Illeso;0;;Non accertato;Inesploso
2402208;2;12/06/2015 12:20;Strada Urbana;CORSO D'ITALIA;in corrispondenza;;del civico n.;29;;Scontro laterale fra veicoli in marcia;Rettilineo;Una carreggiata a senso unico di marcia;Asciutto;Asfaltata;Assente;Sereno;Normale;Buona;Ore Diurne;1;0;0;2;12.49273;41.91098;-1;2;Autovettura privata;In marcia / fermata / arresto;Passeggero;F;Illeso;0;;Non accertato;Inesploso
2402226;11;12/06/2015 16:40;Strada Urbana;VIA ARDEATINA;all'intersezione semaforizzata con;VIA DI VIGNA MURATA;VIA DI VIGNA MURATA;;;Scontro frontale/laterale DX fra veicoli in marcia;Incrocio;Più di due carreggiate;Asciutto;Asfaltata;Verticale ed orizzontale;Nuvoloso;Normale;Buona;Ore Diurne;0;0;0;2;12.5182;41.8269;-1;1;Autovettura privata;In marcia / fermata / arresto;Conducente;M;Illeso;0;;Non accertato;Inesploso
2402226;11;12/06/2015 16:40;Strada Urbana;VIA ARDEATINA;all'intersezione semaforizzata con;VIA DI VIGNA MURATA;VIA DI VIGNA MURATA;;;Scontro frontale/laterale DX fra veicoli in marcia;Incrocio;Più di due carreggiate;Asciutto;Asfaltata;Verticale ed orizzontale;Nuvoloso;Normale;Buona;Ore Diurne;0;0;0;2;12.5182;41.8269;-1;2;Autovettura privata;In marcia / fermata / arresto;Conducente;M;Illeso;0;;Non accertato;Inesploso
2402231;18;12/06/2015 16:20;Strada Urbana;VIA AURELIA;in corrispondenza;;del civico n.;660;;Scontro laterale fra veicoli in marcia;Rettilineo;Due carreggiate;Asciutto;Asfaltata;Verticale ed orizzontale;Sereno;Normale;Buona;Ore Diurne;0;0;0;2;12.41668;41.89479;-1;1;Autovettura privata;In marcia / fermata / arresto;Conducente;F;Illeso;0;;Non accertato;Inesploso
2402231;18;12/06/2015 16:20;Strada Urbana;VIA AURELIA;in corrispondenza;;del civico n.;660;;Scontro laterale fra veicoli in marcia;Rettilineo;Due carreggiate;Asciutto;Asfaltata;Verticale ed orizzontale;Sereno;Normale;Buona;Ore Diurne;0;0;0;2;12.41668;41.89479;-1;2;Autovettura privata;In marcia / fermata / arresto;Conducente;M;Illeso;0;;Non accertato;Inesploso
2402266;19;12/06/2015 15:00;Strada Urbana;VIA DELLA STAZIONE DI OTTAVIA;in corrispondenza;;del civico n.;82;;Veicolo in marcia contro veicolo in sosta;Rettilineo;Una carreggiata a senso unico di marcia;Asciutto;Asfaltata;Verticale;Nuvoloso;Normale;Buona;Ore Diurne;0;0;0;2;12.4051;41.96378;-1;2;Autobus di linea;In marcia / fermata / arresto;Conducente;M;Illeso;0;;;
2402266;19;12/06/2015 15:00;Strada Urbana;VIA DELLA STAZIONE DI OTTAVIA;in corrispondenza;;del civico n.;82;;Veicolo in marcia contro veicolo in sosta;Rettilineo;Una carreggiata a senso unico di marcia;Asciutto;Asfaltata;Verticale;Nuvoloso;Normale;Buona;Ore Diurne;0;0;0;2;12.4051;41.96378;-1;2;Autobus di linea;In marcia / fermata / arresto;Passeggero;F;Illeso;0;;Non accertato;Inesploso
2402271;18;10/06/2015 00:10;Strada Urbana;VIA BALDO DEGLI UBALDI;in prossimità;;del civico n.;149;;Veicolo in marcia contro veicolo in sosta;Rettilineo;Una carreggiata a doppio senso;Asciutto;Asfaltata;Verticale ed orizzontale;Sereno;Scarso;Buona;Sufficiente;0;0;0;2;12.43494;41.89951;-1;1;Autovettura di polizia;In marcia / fermata / arresto;Conducente;M;Illeso;0;;Non accertato;Inesploso
2402271;18;10/06/2015 00:10;Strada Urbana;VIA BALDO DEGLI UBALDI;in prossimità;;del civico n.;149;;Veicolo in marcia contro veicolo in sosta;Rettilineo;Una carreggiata a doppio senso;Asciutto;Asfaltata;Verticale ed orizzontale;Sereno;Scarso;Buona;Sufficiente;0;0;0;2;12.43494;41.89951;-1;1;Autovettura di polizia;In marcia / fermata / arresto;Passeggero;M;Illeso;0;;Non accertato;Inesploso
2402279;19;12/06/2015 18:15;Strada Urbana;VIA TAGGIA;in corrispondenza;;del civico n.;109;;Scontro laterale fra veicoli in marcia;Rettilineo;Una carreggiata a doppio senso;Asciutto;Asfaltata;Assente;Nuvoloso;Normale;Buona;Ore Diurne;0;0;0;2;12.42066;41.92836;-1;1;Autovettura privata;In marcia / fermata / arresto;Conducente;M;Illeso;0;;Non accertato;Inesploso
2402279;19;12/06/2015 18:15;Strada Urbana;VIA TAGGIA;in corrispondenza;;del civico n.;109;;Scontro laterale fra veicoli in marcia;Rettilineo;Una carreggiata a doppio senso;Asciutto;Asfaltata;Assente;Nuvoloso;Normale;Buona;Ore Diurne;0;0;0;2;12.42066;41.92836;-1;2;Autovettura privata;In marcia / fermata / arresto;Conducente;M;Illeso;0;;Non accertato;Inesploso
2402297;18;10/06/2015 23:50;Strada Urbana;VIA AURELIA;all'intersezione con;VIA CARDINAL BOFONDI;VIA CARDINAL BOFONDI;;;Investimento di pedone;Intersezione non regolata/non segnalata;Una carreggiata a doppio senso;Asciutto;Asfaltata;Verticale ed orizzontale;Sereno;Scarso;Sufficiente;Sufficiente;1;0;0;2;12.43702;41.89773;-1;;;;Pedone;M;Rimandato;0;NON DECEDUTO;;
2402297;18;10/06/2015 23:50;Strada Urbana;VIA AURELIA;all'intersezione con;VIA CARDINAL BOFONDI;VIA CARDINAL BOFONDI;;;Investimento di pedone;Intersezione non regolata/non segnalata;Una carreggiata a doppio senso;Asciutto;Asfaltata;Verticale ed orizzontale;Sereno;Scarso;Sufficiente;Sufficiente;1;0;0;2;12.43702;41.89773;-1;1;Autovettura privata;In marcia / fermata / arresto;Conducente;M;Illeso;0;;Non accertato;Inesploso
2402297;18;10/06/2015 23:50;Strada Urbana;VIA AURELIA;all'intersezione con;VIA CARDINAL BOFONDI;VIA CARDINAL BOFONDI;;;Investimento di pedone;Intersezione non regolata/non segnalata;Una carreggiata a doppio senso;Asciutto;Asfaltata;Verticale ed orizzontale;Sereno;Scarso;Sufficiente;Sufficiente;1;0;0;2;12.43702;41.89773;-1;1;Autovettura privata;In marcia / fermata / arresto;Passeggero;M;Illeso;0;;Non accertato;Inesploso
2402358;15;12/06/2015 17:40;Strada Urbana;VIALE DI PESCINA GAGLIARDA;all'intersezione con;VIA BEINETTE;VIA BEINETTE;;;Investimento di pedone;Incrocio;Una carreggiata a doppio senso;Asciutto;Asfaltata;Assente;Nuvoloso;Scarso;Insufficiente;Ore Diurne;2;0;0;2;12.30311;41.82435;-1;;;;Pedone;M;Rimandato;0;NON DECEDUTO;;
2402358;15;12/06/2015 17:40;Strada Urbana;VIALE DI PESCINA GAGLIARDA;all'intersezione con;VIA BEINETTE;VIA BEINETTE;;;Investimento di pedone;Incrocio;Una carreggiata a doppio senso;Asciutto;Asfaltata;Assente;Nuvoloso;Scarso;Insufficiente;Ore Diurne;2;0;0;2;12.30311;41.82435;-1;;;;Pedone;M;Rimandato;0;NON DECEDUTO;;
2402358;15;12/06/2015 17:40;Strada Urbana;VIALE DI PESCINA GAGLIARDA;all'intersezione con;VIA BEINETTE;VIA BEINETTE;;;Investimento di pedone;Incrocio;Una carreggiata a doppio senso;Asciutto;Asfaltata;Assente;Nuvoloso;Scarso;Insufficiente;Ore Diurne;2;0;0;2;12.30311;41.82435;-1;1;Autovettura privata;In marcia / fermata / arresto;Conducente;M;Illeso;0;;Utilizzato;Inesploso
2402358;15;12/06/2015 17:40;Strada Urbana;VIALE DI PESCINA GAGLIARDA;all'intersezione con;VIA BEINETTE;VIA BEINETTE;;;Investimento di pedone;Incrocio;Una carreggiata a doppio senso;Asciutto;Asfaltata;Assente;Nuvoloso;Scarso;Insufficiente;Ore Diurne;2;0;0;2;12.30311;41.82435;-1;1;Autovettura privata;In marcia / fermata / arresto;Passeggero;M;Illeso;0;;Utilizzato;Inesistente
2402384;19;12/06/2015 17:45;Strada Urbana;VIA DUCCIO GALIMBERTI;in prossimità;;del civico n.;27;;Investimento di pedone;Rettilineo;Una carreggiata a senso unico di marcia;Asciutto;Asfaltata;Orizzontale;Sereno;Normale;Buona;Ore Diurne;1;0;0;1;12.44237;41.91343;-1;;;;Pedone;M;Rimandato;0;NON DECEDUTO;;
2402384;19;12/06/2015 17:45;Strada Urbana;VIA DUCCIO GALIMBERTI;in prossimità;;del civico n.;27;;Investimento di pedone;Rettilineo;Una carreggiata a senso unico di marcia;Asciutto;Asfaltata;Orizzontale;Sereno;Normale;Buona;Ore Diurne;1;0;0;1;12.44237;41.91343;-1;1;Autovettura privata;In marcia / fermata / arresto;Conducente;F;Illeso;0;;;
2402388;19;12/06/2015 18:15;Strada Urbana;VIA LATTANZIO;in prossimità;;del civico n.;7a;;Veicolo in marcia contro ostacolo fisso;Rettilineo;Una carreggiata a doppio senso;Asciutto;Asfaltata;Assente;Sereno;Scarso;Buona;Ore Diurne;0;0;0;1;12.44135;41.91224;-1;1;Quadriciclo leggero;In marcia / fermata / arresto;Conducente;F;Illeso;0;;;
2402590;11;12/06/2015 10:15;Strada Urbana;VIALE GUGLIELMO MARCONI;da specificare;;;;f.te Largo Veratti;Scontro laterale fra veicoli in marcia;Rettilineo;Due carreggiate;Asciutto;Asfaltata;Verticale ed orizzontale;Sereno;Normale;Buona;Ore Diurne;0;0;0;2;12.4735;41.85154;-1;1;Autovettura privata;In marcia / fermata / arresto;Conducente;F;Illeso;0;;Non accertato;Inesploso
2402590;11;12/06/2015 10:15;Strada Urbana;VIALE GUGLIELMO MARCONI;da specificare;;;;f.te Largo Veratti;Scontro laterale fra veicoli in marcia;Rettilineo;Due carreggiate;Asciutto;Asfaltata;Verticale ed orizzontale;Sereno;Normale;Buona;Ore Diurne;0;0;0;2;12.4735;41.85154;-1;2;Autovettura privata;In marcia / fermata / arresto;Conducente;M;Illeso;0;;Non accertato;Inesploso
2402611;8;12/06/2015 09:45;Strada Urbana;VIALE OXFORD;in prossimità;;del palo luce n.;15;;Scontro laterale fra veicoli in marcia;Rettilineo;Una carreggiata a senso unico di marcia;Asciutto;Asfaltata;Verticale ed orizzontale;Sereno;Normale;Buona;Ore Diurne;0;0;0;4;12.62817;41.8599;-1;1;Autovettura privata;In marcia / fermata / arresto;Conducente;M;Illeso;0;;Non accertato;Inesploso
2402611;8;12/06/2015 09:45;Strada Urbana;VIALE OXFORD;in prossimità;;del palo luce n.;15;;Scontro laterale fra veicoli in marcia;Rettilineo;Una carreggiata a senso unico di marcia;Asciutto;Asfaltata;Verticale ed orizzontale;Sereno;Normale;Buona;Ore Diurne;0;0;0;4;12.62817;41.8599;-1;2;Autovettura privata;In marcia / fermata / arresto;Conducente;F;Illeso;0;;Non accertato;Inesploso
2402611;8;12/06/2015 09:45;Strada Urbana;VIALE OXFORD;in prossimità;;del palo luce n.;15;;Scontro laterale fra veicoli in marcia;Rettilineo;Una carreggiata a senso unico di marcia;Asciutto;Asfaltata;Verticale ed orizzontale;Sereno;Normale;Buona;Ore Diurne;0;0;0;4;12.62817;41.8599;-1;2;Autovettura privata;In marcia / fermata / arresto;Passeggero;F;Illeso;0;;Non accertato;Inesploso
2402611;8;12/06/2015 09:45;Strada Urbana;VIALE OXFORD;in prossimità;;del palo luce n.;15;;Scontro laterale fra veicoli in marcia;Rettilineo;Una carreggiata a senso unico di marcia;Asciutto;Asfaltata;Verticale ed orizzontale;Sereno;Normale;Buona;Ore Diurne;0;0;0;4;12.62817;41.8599;-1;2;Autovettura privata;In marcia / fermata / arresto;Passeggero;M;Illeso;0;;Non accertato;Inesploso
2402613;11;12/06/2015 10:30;Strada Urbana;VIA LAURENTINA;in corrispondenza;;del civico n.;197;;Scontro laterale fra veicoli in marcia;Curva a visuale libera;Due carreggiate;Asciutto;Asfaltata;Orizzontale;Sereno;Normale;Buona;Ore Diurne;1;0;0;1;12.48068;41.84332;-1;1;Motociclo a solo;In marcia / fermata / arresto;Conducente;M;Rimandato;0;NON DECEDUTO;Non accertato;
2402613;11;12/06/2015 10:30;Strada Urbana;VIA LAURENTINA;in corrispondenza;;del civico n.;197;;Scontro laterale fra veicoli in marcia;Curva a visuale libera;Due carreggiate;Asciutto;Asfaltata;Orizzontale;Sereno;Normale;Buona;Ore Diurne;1;0;0;1;12.48068;41.84332;-1;2;Autovettura privata;In marcia / fermata / arresto;Conducente;M;Illeso;0;;Non accertato;Inesploso
2402614;8;12/06/2015 19:15;Strada Urbana;VIA DEGLI ORAFI;in prossimità;;del civico n.;37;;Scontro laterale fra veicoli in marcia;Rettilineo;Una carreggiata a doppio senso;Asciutto;Asfaltata;Orizzontale;Nuvoloso;Normale;Buona;Ore Diurne;0;0;0;3;12.60897;41.86232;-1;1;Autovettura privata;In marcia / fermata / arresto;Conducente;M;Illeso;0;;Non accertato;Inesploso
2402614;8;12/06/2015 19:15;Strada Urbana;VIA DEGLI ORAFI;in prossimità;;del civico n.;37;;Scontro laterale fra veicoli in marcia;Rettilineo;Una carreggiata a doppio senso;Asciutto;Asfaltata;Orizzontale;Nuvoloso;Normale;Buona;Ore Diurne;0;0;0;3;12.60897;41.86232;-1;1;Autovettura privata;In marcia / fermata / arresto;Passeggero;F;Illeso;0;;Non accertato;Inesploso
2402614;8;12/06/2015 19:15;Strada Urbana;VIA DEGLI ORAFI;in prossimità;;del civico n.;37;;Scontro laterale fra veicoli in marcia;Rettilineo;Una carreggiata a doppio senso;Asciutto;Asfaltata;Orizzontale;Nuvoloso;Normale;Buona;Ore Diurne;0;0;0;3;12.60897;41.86232;-1;2;Autovettura privata;In marcia / fermata / arresto;Conducente;M;Illeso;0;;Non accertato;Inesploso
2402616;8;12/06/2015 20:40;Statale entro l'abitato;VIA CASILINA;da specificare;;;;angolo Via Casale del Finicchio;Investimento di pedone;Rettilineo;Una carreggiata a doppio senso;Asciutto;Asfaltata;Verticale ed orizzontale;Sereno;Scarso;Sufficiente;Sufficiente;1;0;0;3;12.69139;41.86367;-1;;;;Pedone;F;Rimandato;0;NON DECEDUTO;;
2402616;8;12/06/2015 20:40;Statale entro l'abitato;VIA CASILINA;da specificare;;;;angolo Via Casale del Finicchio;Investimento di pedone;Rettilineo;Una carreggiata a doppio senso;Asciutto;Asfaltata;Verticale ed orizzontale;Sereno;Scarso;Sufficiente;Sufficiente;1;0;0;3;12.69139;41.86367;-1;1;Autoambulanza;In marcia / fermata / arresto;Conducente;M;Illeso;0;;Non accertato;
2402616;8;12/06/2015 20:40;Statale entro l'abitato;VIA CASILINA;da specificare;;;;angolo Via Casale del Finicchio;Investimento di pedone;Rettilineo;Una carreggiata a doppio senso;Asciutto;Asfaltata;Verticale ed orizzontale;Sereno;Scarso;Sufficiente;Sufficiente;1;0;0;3;12.69139;41.86367;-1;1;Autoambulanza;In marcia / fermata / arresto;Passeggero;F;Illeso;0;;Non accertato;
2402616;8;12/06/2015 20:40;Statale entro l'abitato;VIA CASILINA;da specificare;;;;angolo Via Casale del Finicchio;Investimento di pedone;Rettilineo;Una carreggiata a doppio senso;Asciutto;Asfaltata;Verticale ed orizzontale;Sereno;Scarso;Sufficiente;Sufficiente;1;0;0;3;12.69139;41.86367;-1;1;Autoambulanza;In marcia / fermata / arresto;Passeggero;F;Illeso;0;;Non accertato;
2402617;11;12/06/2015 18:00;Strada Urbana;LARGO MAESTRI DEL LAVORO;da specificare;;;;prossimità Viale Marconi;Veicolo in marcia contro veicoli in sosta;Rettilineo;Una carreggiata a doppio senso;Asciutto;Asfaltata;Verticale ed orizzontale;Sereno;Normale;Buona;Ore Diurne;0;0;0;1;12.47442;41.84922;-1;2;Autovettura privata;In marcia / fermata / arresto;Conducente;M;Illeso;0;;;
2402618;8;12/06/2015 16:30;Strada Urbana;VIA GIORGIO GRAPPELLI;da specificare;;;;alt. cavalcavia pedonale dir.ne Nottolini;Veicolo in marcia contro ostacolo accidentale;Pendenza;Due carreggiate;Asciutto;Asfaltata;Verticale ed orizzontale;Nuvoloso;Normale;Sufficiente;Ore Diurne;0;0;0;1;12.65753;41.91169;-1;1;Autovettura privata;In marcia / fermata / arresto;Conducente;M;Illeso;0;;Non accertato;Inesploso
2402619;8;12/06/2015 14:15;Strada Urbana;VIA GIARRE;all'intersezione con;VIA BOMPENSIERE;VIA BOMPENSIERE;;;Scontro frontale/laterale DX fra veicoli in marcia;Intersezione stradale segnalata;Una carreggiata a senso unico di marcia;Asciutto;Asfaltata;Verticale ed orizzontale;Nebbia;Normale;Buona;Ore Diurne;0;0;0;6;12.67301;41.85562;-1;1;Autoambulanza;In marcia / fermata / arresto;Conducente;M;Illeso;0;;Non accertato;Inesploso
2402619;8;12/06/2015 14:15;Strada Urbana;VIA GIARRE;all'intersezione con;VIA BOMPENSIERE;VIA BOMPENSIERE;;;Scontro frontale/laterale DX fra veicoli in marcia;Intersezione stradale segnalata;Una carreggiata a senso unico di marcia;Asciutto;Asfaltata;Verticale ed orizzontale;Nebbia;Normale;Buona;Ore Diurne;0;0;0;6;12.67301;41.85562;-1;1;Autoambulanza;In marcia / fermata / arresto;Passeggero;M;Illeso;0;;Non accertato;Inesploso
2402619;8;12/06/2015 14:15;Strada Urbana;VIA GIARRE;all'intersezione con;VIA BOMPENSIERE;VIA BOMPENSIERE;;;Scontro frontale/laterale DX fra veicoli in marcia;Intersezione stradale segnalata;Una carreggiata a senso unico di marcia;Asciutto;Asfaltata;Verticale ed orizzontale;Nebbia;Normale;Buona;Ore Diurne;0;0;0;6;12.67301;41.85562;-1;1;Autoambulanza;In marcia / fermata / arresto;Passeggero;M;Illeso;0;;Non accertato;Inesploso
2402619;8;12/06/2015 14:15;Strada Urbana;VIA GIARRE;all'intersezione con;VIA BOMPENSIERE;VIA BOMPENSIERE;;;Scontro frontale/laterale DX fra veicoli in marcia;Intersezione stradale segnalata;Una carreggiata a senso unico di marcia;Asciutto;Asfaltata;Verticale ed orizzontale;Nebbia;Normale;Buona;Ore Diurne;0;0;0;6;12.67301;41.85562;-1;1;Autoambulanza;In marcia / fermata / arresto;Passeggero;F;Illeso;0;;Non accertato;Inesploso
2402619;8;12/06/2015 14:15;Strada Urbana;VIA GIARRE;all'intersezione con;VIA BOMPENSIERE;VIA BOMPENSIERE;;;Scontro frontale/laterale DX fra veicoli in marcia;Intersezione stradale segnalata;Una carreggiata a senso unico di marcia;Asciutto;Asfaltata;Verticale ed orizzontale;Nebbia;Normale;Buona;Ore Diurne;0;0;0;6;12.67301;41.85562;-1;2;Autovettura privata;In marcia / fermata / arresto;Conducente;M;Illeso;0;;Non accertato;Inesploso
2402619;8;12/06/2015 14:15;Strada Urbana;VIA GIARRE;all'intersezione con;VIA BOMPENSIERE;VIA BOMPENSIERE;;;Scontro frontale/laterale DX fra veicoli in marcia;Intersezione stradale segnalata;Una carreggiata a senso unico di marcia;Asciutto;Asfaltata;Verticale ed orizzontale;Nebbia;Normale;Buona;Ore Diurne;0;0;0;6;12.67301;41.85562;-1;2;Autovettura privata;In marcia / fermata / arresto;Passeggero;F;Illeso;0;;Non accertato;Inesploso
2402620;8;12/06/2015 11:30;Strada Urbana;VIA DEL FOSSO DI S. MAURA;in prossimità;;del palo luce n.;88;;Tamponamento;Curva a visuale libera;Una carreggiata a senso unico di marcia;Asciutto;Asfaltata;Verticale ed orizzontale;Nuvoloso;Normale;Buona;Ore Diurne;0;0;0;7;12.59494;41.85786;-1;1;Autocarro inferiore 35 q.;In marcia / fermata / arresto;Conducente;M;Illeso;0;;Non accertato;
2402620;8;12/06/2015 11:30;Strada Urbana;VIA DEL FOSSO DI S. MAURA;in prossimità;;del palo luce n.;88;;Tamponamento;Curva a visuale libera;Una carreggiata a senso unico di marcia;Asciutto;Asfaltata;Verticale ed orizzontale;Nuvoloso;Normale;Buona;Ore Diurne;0;0;0;7;12.59494;41.85786;-1;1;Autocarro inferiore 35 q.;In marcia / fermata / arresto;Passeggero;M;Illeso;0;;Non accertato;
2402620;8;12/06/2015 11:30;Strada Urbana;VIA DEL FOSSO DI S. MAURA;in prossimità;;del palo luce n.;88;;Tamponamento;Curva a visuale libera;Una carreggiata a senso unico di marcia;Asciutto;Asfaltata;Verticale ed orizzontale;Nuvoloso;Normale;Buona;Ore Diurne;0;0;0;7;12.59494;41.85786;-1;1;Autocarro inferiore 35 q.;In marcia / fermata / arresto;Passeggero;M;Illeso;0;;Non accertato;
2402620;8;12/06/2015 11:30;Strada Urbana;VIA DEL FOSSO DI S. MAURA;in prossimità;;del palo luce n.;88;;Tamponamento;Curva a visuale libera;Una carreggiata a senso unico di marcia;Asciutto;Asfaltata;Verticale ed orizzontale;Nuvoloso;Normale;Buona;Ore Diurne;0;0;0;7;12.59494;41.85786;-1;1;Autocarro inferiore 35 q.;In marcia / fermata / arresto;Passeggero;M;Illeso;0;;Non accertato;
2402620;8;12/06/2015 11:30;Strada Urbana;VIA DEL FOSSO DI S. MAURA;in prossimità;;del palo luce n.;88;;Tamponamento;Curva a visuale libera;Una carreggiata a senso unico di marcia;Asciutto;Asfaltata;Verticale ed orizzontale;Nuvoloso;Normale;Buona;Ore Diurne;0;0;0;7;12.59494;41.85786;-1;1;Autocarro inferiore 35 q.;In marcia / fermata / arresto;Passeggero;F;Illeso;0;;Non accertato;
2402620;8;12/06/2015 11:30;Strada Urbana;VIA DEL FOSSO DI S. MAURA;in prossimità;;del palo luce n.;88;;Tamponamento;Curva a visuale libera;Una carreggiata a senso unico di marcia;Asciutto;Asfaltata;Verticale ed orizzontale;Nuvoloso;Normale;Buona;Ore Diurne;0;0;0;7;12.59494;41.85786;-1;1;Autocarro inferiore 35 q.;In marcia / fermata / arresto;Passeggero;M;Illeso;0;;Non accertato;
2402620;8;12/06/2015 11:30;Strada Urbana;VIA DEL FOSSO DI S. MAURA;in prossimità;;del palo luce n.;88;;Tamponamento;Curva a visuale libera;Una carreggiata a senso unico di marcia;Asciutto;Asfaltata;Verticale ed orizzontale;Nuvoloso;Normale;Buona;Ore Diurne;0;0;0;7;12.59494;41.85786;-1;2;Autovettura privata;In marcia / fermata / arresto;Conducente;M;Illeso;0;;Non accertato;
2402677;11;12/06/2015 20:45;Strada Urbana;PIAZZA GREGORIO RONCA;all'intersezione con;VIA ERMANNO CARLOTTO;VIA ERMANNO CARLOTTO;;;Scontro frontale/laterale DX fra veicoli in marcia;Incrocio;Due carreggiate;Asciutto;Asfaltata;Verticale ed orizzontale;Sereno;Normale;Sufficiente;Ore Diurne;2;0;0;0;12.28705;41.73331;-1;1;Autovettura privata;In marcia / fermata / arresto;Conducente;F;Rimandato;0;NON DECEDUTO;Non accertato;Inesploso
2402677;11;12/06/2015 20:45;Strada Urbana;PIAZZA GREGORIO RONCA;all'intersezione con;VIA ERMANNO CARLOTTO;VIA ERMANNO CARLOTTO;;;Scontro frontale/laterale DX fra veicoli in marcia;Incrocio;Due carreggiate;Asciutto;Asfaltata;Verticale ed orizzontale;Sereno;Normale;Sufficiente;Ore Diurne;2;0;0;0;12.28705;41.73331;-1;2;Autovettura privata;In marcia / fermata / arresto;Conducente;F;Rifiuta cure immediate;0;NON DECEDUTO;Non accertato;Esploso
2402697;11;13/06/2015 00:20;Strada Urbana;VIA APPIA PIGNATELLI;all'intersezione semaforizzata con;VIA DELL'ALMONE;VIA DELL'ALMONE;;;Scontro frontale/laterale SX fra veicoli in marcia;Incrocio;Una carreggiata a doppio senso;Asciutto;Asfaltata;Verticale ed orizzontale;Sereno;Scarso;Sufficiente;Sufficiente;0;0;0;5;12.52693;41.85252;-1;1;Autovettura privata;In marcia / fermata / arresto;Conducente;M;Illeso;0;;Non accertato;Inesploso