Protocollo;Gruppo;DataOraIncidente;Localizzazione1;STRADA1;Localizzazione2;STRADA2;Strada02;Chilometrica;DaSpecificare;NaturaIncidente;particolaritastrade;TipoStrada;FondoStradale;Pavimentazione;Segnaletica;CondizioneAtmosferica;Traffico;Visibilita;Illuminazione;NUM_FERITI;NUM_RISERVATA;NUM_MORTI;NUM_ILLESI;Longitudine;Latitudine;Confermato;Progressivo;TipoVeicolo;StatoVeicolo;TipoPersona;Sesso;Tipolesione;Deceduto;DecedutoDopo;CinturaCascoUtilizzato;Airbag
2416590;12;25/06/2015 12:05;Strada Urbana;VIA FRANCESCO PATRIZIO DA CHERSO;da specificare;;;;in  prossimità del civico civico 42;Scontro laterale fra veicoli in marcia;Rettilineo;Una carreggiata a doppio senso;Asciutto;Asfaltata;Verticale ed orizzontale;Sereno;Scarso;Buona;Ore Diurne;0;0;0;2;12.5078;41.82217;-1;1;Autovettura privata;In marcia / fermata / arresto;Conducente;F;Illeso;0;;Utilizzato;Inesploso
2416590;12;25/06/2015 12:05;Strada Urbana;VIA FRANCESCO PATRIZIO DA CHERSO;da specificare;;;;in  prossimità del civico civico 42;Scontro laterale fra veicoli in marcia;Rettilineo;Una carreggiata a doppio senso;Asciutto;Asfaltata;Verticale ed orizzontale;Sereno;Scarso;Buona;Ore Diurne;0;0;0;2;12.5078;41.82217;-1;2;Autovettura privata;In marcia / fermata / arresto;Conducente;F;Illeso;0;;Utilizzato;Inesploso
2416592;5;25/06/2015 07:30;Strada Urbana;VIA DEI MONTI TIBURTINI;da specificare;;;;prossimità intersezione con VIA G. SEGUENZA;Tamponamento Multiplo;Rettilineo;Due carreggiate;Asciutto;Asfaltata;Verticale ed orizzontale;Sereno;Intenso;Buona;Ore Diurne;0;0;0;4;12.53746;41.91885;-1;1;Autobus di linea;In marcia / fermata / arresto;Conducente;M;Illeso;0;;Non accertato;Inesistente
2416592;5;25/06/2015 07:30;Strada Urbana;VIA DEI MONTI TIBURTINI;da specificare;;;;prossimità intersezione con VIA G. SEGUENZA;Tamponamento Multiplo;Rettilineo;Due carreggiate;Asciutto;Asfaltata;Verticale ed orizzontale;Sereno;Intenso;Buona;Ore Diurne;0;0;0;4;12.53746;41.91885;-1;2;Autovettura privata;In marcia / fermata / arresto;Conducente;M;Illeso;0;;Non accertato;Inesploso
2416592;5;25/06/2015 07:30;Strada Urbana;VIA DEI MONTI TIBURTINI;da specificare;;;;prossimità intersezione con VIA G. SEGUENZA;Tamponamento Multiplo;Rettilineo;Due carreggiate;Asciutto;Asfaltata;Verticale ed orizzontale;Sereno;Intenso;Buona;Ore Diurne;0;0;0;4;12.53746;41.91885;-1;2;Autovettura privata;In marcia / fermata / arresto;Passeggero;M;Illeso;0;;Non accertato;Inesploso
2416592;5;25/06/2015 07:30;Strada Urbana;VIA DEI MONTI TIBURTINI;da specificare;;;;prossimità intersezione con VIA G. SEGUENZA;Tamponamento Multiplo;Rettilineo;Due carreggiate;Asciutto;Asfaltata;Verticale ed orizzontale;Sereno;Intenso;Buona;Ore Diurne;0;0;0;4;12.53746;41.91885;-1;3;Autovettura privata;In marcia / fermata / arresto;Conducente;M;Illeso;0;;Non accertato;Inesploso
2416599;5;25/06/2015 08:15;Strada Urbana;VIALE EGIDIO GALBANI;da specificare;;;;bivio complanare via Comte;Tamponamento;Curva a visuale libera;Due carreggiate;Asciutto;Asfaltata;Orizzontale;Sereno;Normale;Buona;Ore Diurne;0;0;0;2;12.5552;41.93334;-1;1;Autovettura privata;In marcia / fermata / arresto;Conducente;M;Illeso;0;;Non accertato;
2416599;5;25/06/2015 08:15;Strada Urbana;VIALE EGIDIO GALBANI;da specificare;;;;bivio complanare via Comte;Tamponamento;Curva a visuale libera;Due carreggiate;Asciutto;Asfaltata;Orizzontale;Sereno;Normale;Buona;Ore Diurne;0;0;0;2;12.5552;41.93334;-1;2;Autovettura privata;In marcia / fermata / arresto;Conducente;F;Illeso;0;;Non accertato;
2416602;13;24/06/2015 17:15;Strada Urbana;VIA OSTIENSE;da specificare;;;;altezza stazione Lido Nord;Veicolo in marcia contro ostacolo accidentale;Rettilineo;Una carreggiata a doppio senso;Asciutto;Asfaltata;Verticale ed orizzontale;Sereno;Intenso;Buona;Ore Diurne;0;0;0;1;12.28444;41.74049;-1;1;Autovettura privata;In marcia / fermata / arresto;Conducente;M;Illeso;0;;Non accertato;Inesploso
2416603;5;25/06/2015 10:00;Strada Urbana;VIA DELLE CAVE DI PIETRALATA;da specificare;;;;area parcheggio fronte civico 81;Scontro frontale/laterale DX fra veicoli in marcia;Rettilineo;Una carreggiata a doppio senso;Asciutto;Sterrata;Verticale;Sereno;Scarso;Buona;Ore Diurne;0;0;0;2;12.53916;41.91094;-1;1;Autovettura privata;In marcia / fermata / arresto;Conducente;F;Illeso;0;;Non accertato;
2416603;5;25/06/2015 10:00;Strada Urbana;VIA DELLE CAVE DI PIETRALATA;da specificare;;;;area parcheggio fronte civico 81;Scontro frontale/laterale DX fra veicoli in marcia;Rettilineo;Una carreggiata a doppio senso;Asciutto;Sterrata;Verticale;Sereno;Scarso;Buona;Ore Diurne;0;0;0;2;12.53916;41.91094;-1;2;Autovettura privata;In marcia / fermata / arresto;Conducente;M;Illeso;0;;Non accertato;
2416608;11;25/06/2015 22:50;Strada Urbana;VIA CINA;in prossimità;;del palo luce n.;18;;Scontro frontale/laterale SX fra veicoli in marcia;Curva a visuale libera;Una carreggiata a doppio senso;Asciutto;Asfaltata;Orizzontale;Sereno;Scarso;Buona;Sufficiente;1;0;0;1;12.43413;41.81265;-1;1;Autovettura privata;In marcia / fermata / arresto;Conducente;M;Illeso;0;;Non accertato;
2416608;11;25/06/2015 22:50;Strada Urbana;VIA CINA;in prossimità;;del palo luce n.;18;;Scontro frontale/laterale SX fra veicoli in marcia;Curva a visuale libera;Una carreggiata a doppio senso;Asciutto;Asfaltata;Orizzontale;Sereno;Scarso;Buona;Sufficiente;1;0;0;1;12.43413;41.81265;-1;2;Motociclo a solo;In marcia / fermata / arresto;Conducente;M;Rimandato;0;NON DECEDUTO;Non accertato;
2416610;5;25/06/2015 10:30;Strada Urbana;VIA CASAL TIDEI;in prossimità;;del civico n.;25;;Investimento di pedone;Rettilineo;Una carreggiata a doppio senso;Asciutto;Asfaltata;Verticale ed orizzontale;Sereno;Normale;Buona;Ore Diurne;2;0;0;1;12.57623;41.9426;-1;;;;Pedone;M;Rimandato;0;NON DECEDUTO;;
2416610;5;25/06/2015 10:30;Strada Urbana;VIA CASAL TIDEI;in prossimità;;del civico n.;25;;Investimento di pedone;Rettilineo;Una carreggiata a doppio senso;Asciutto;Asfaltata;Verticale ed orizzontale;Sereno;Normale;Buona;Ore Diurne;2;0;0;1;12.57623;41.9426;-1;;;;Pedone;M;Ricoverato;0;NON DECEDUTO;;
2416610;5;25/06/2015 10:30;Strada Urbana;VIA CASAL TIDEI;in prossimità;;del civico n.;25;;Investimento di pedone;Rettilineo;Una carreggiata a doppio senso;Asciutto;Asfaltata;Verticale ed orizzontale;Sereno;Normale;Buona;Ore Diurne;2;0;0;1;12.57623;41.9426;-1;1;Autovettura privata;In marcia / fermata / arresto;Conducente;M;Illeso;0;;Non accertato;Inesistente
2416611;10;26/06/2015 07:45;Statale entro l'abitato;VIA TUSCOLANA;in corrispondenza;;del civico n.;1822;;Tamponamento;Rettilineo;Due carreggiate;Asciutto;Asfaltata;Assente;Sereno;Intenso;Buona;Ore Diurne;0;0;0;2;12.58572;41.84145;-1;1;Autovettura privata;In marcia / fermata / arresto;Conducente;F;Illeso;0;;Non accertato;Inesploso
2416611;10;26/06/2015 07:45;Statale entro l'abitato;VIA TUSCOLANA;in corrispondenza;;del civico n.;1822;;Tamponamento;Rettilineo;Due carreggiate;Asciutto;Asfaltata;Assente;Sereno;Intenso;Buona;Ore Diurne;0;0;0;2;12.58572;41.84145;-1;2;Autovettura privata;In marcia / fermata / arresto;Conducente;M;Illeso;0;;Non accertato;Inesploso
2416613;13;25/06/2015 19:50;Strada Urbana;LUNGOMARE DUILIO;all'intersezione semaforizzata con;VIA DEL BUCINTORO;VIA DEL BUCINTORO;;;Tamponamento;Intersezione semaforizzata;Una carreggiata a doppio senso;Asciutto;Asfaltata;Verticale ed orizzontale;Sereno;Normale;Buona;Ore Diurne;0;0;0;7;12.29661;41.72212;-1;1;Autovettura privata;In marcia / fermata / arresto;Conducente;M;Illeso;0;;Non accertato;Inesploso
2416613;13;25/06/2015 19:50;Strada Urbana;LUNGOMARE DUILIO;all'intersezione semaforizzata con;VIA DEL BUCINTORO;VIA DEL BUCINTORO;;;Tamponamento;Intersezione semaforizzata;Una carreggiata a doppio senso;Asciutto;Asfaltata;Verticale ed orizzontale;Sereno;Normale;Buona;Ore Diurne;0;0;0;7;12.29661;41.72212;-1;1;Autovettura privata;In marcia / fermata / arresto;Passeggero;F;Illeso;0;;Non accertato;Inesploso
2416613;13;25/06/2015 19:50;Strada Urbana;LUNGOMARE DUILIO;all'intersezione semaforizzata con;VIA DEL BUCINTORO;VIA DEL BUCINTORO;;;Tamponamento;Intersezione semaforizzata;Una carreggiata a doppio senso;Asciutto;Asfaltata;Verticale ed orizzontale;Sereno;Normale;Buona;Ore Diurne;0;0;0;7;12.29661;41.72212;-1;2;Autovettura privata;In marcia / fermata / arresto;Conducente;M;Illeso;0;;Non accertato;Inesploso
2416613;13;25/06/2015 19:50;Strada Urbana;LUNGOMARE DUILIO;all'intersezione semaforizzata con;VIA DEL BUCINTORO;VIA DEL BUCINTORO;;;Tamponamento;Intersezione semaforizzata;Una carreggiata a doppio senso;Asciutto;Asfaltata;Verticale ed orizzontale;Sereno;Normale;Buona;Ore Diurne;0;0;0;7;12.29661;41.72212;-1;2;Autovettura privata;In marcia / fermata / arresto;Passeggero;M;Illeso;0;;Non accertato;
2416613;13;25/06/2015 19:50;Strada Urbana;LUNGOMARE DUILIO;all'intersezione semaforizzata con;VIA DEL BUCINTORO;VIA DEL BUCINTORO;;;Tamponamento;Intersezione semaforizzata;Una carreggiata a doppio senso;Asciutto;Asfaltata;Verticale ed orizzontale;Sereno;Normale;Buona;Ore Diurne;0;0;0;7;12.29661;41.72212;-1;2;Autovettura privata;In marcia / fermata / arresto;Passeggero;M;Illeso;0;;Non accertato;Inesploso
2416613;13;25/06/2015 19:50;Strada Urbana;LUNGOMARE DUILIO;all'intersezione semaforizzata con;VIA DEL BUCINTORO;VIA DEL BUCINTORO;;;Tamponamento;Intersezione semaforizzata;Una carreggiata a doppio senso;Asciutto;Asfaltata;Verticale ed orizzontale;Sereno;Normale;Buona;Ore Diurne;0;0;0;7;12.29661;41.72212;-1;2;Autovettura privata;In marcia / fermata / arresto;Passeggero;F;Illeso;0;;Non accertato;Inesploso
2416613;13;25/06/2015 19:50;Strada Urbana;LUNGOMARE DUILIO;all'intersezione semaforizzata con;VIA DEL BUCINTORO;VIA DEL BUCINTORO;;;Tamponamento;Intersezione semaforizzata;Una carreggiata a doppio senso;Asciutto;Asfaltata;Verticale ed orizzontale;Sereno;Normale;Buona;Ore Diurne;0;0;0;7;12.29661;41.72212;-1;2;Autovettura privata;In marcia / fermata / arresto;Passeggero;M;Illeso;0;;Non accertato;Inesploso
2416618;4;25/06/2015 12:00;Strada Urbana;VIA DI S. MARIA DELLA SPERANZA;all'intersezione con;PIAZZA ANTONIO FRADELETTO;PIAZZA ANTONIO FRADELETTO;;;Scontro frontale/laterale DX fra veicoli in marcia;Intersezione non regolata/non segnalata;Una carreggiata a doppio senso;Asciutto;Asfaltata;Assente;Sereno;Scarso;Buona;Ore Diurne;0;0;0;2;12.51937;41.96024;-1;1;Motociclo a solo;In marcia / fermata / arresto;Conducente;F;Illeso;0;;Non accertato;
2416618;4;25/06/2015 12:00;Strada Urbana;VIA DI S. MARIA DELLA SPERANZA;all'intersezione con;PIAZZA ANTONIO FRADELETTO;PIAZZA ANTONIO FRADELETTO;;;Scontro frontale/laterale DX fra veicoli in marcia;Intersezione non regolata/non segnalata;Una carreggiata a doppio senso;Asciutto;Asfaltata;Assente;Sereno;Scarso;Buona;Ore Diurne;0;0;0;2;12.51937;41.96024;-1;2;Autovettura privata;In marcia / fermata / arresto;Conducente;F;Illeso;0;;Non accertato;Inesploso
2416620;5;25/06/2015 11:25;Strada Urbana;VIA TIBURTINA;in prossimità;;del civico n.;960;;Veicolo in marcia contro veicolo fermo;Rettilineo;Una carreggiata a doppio senso;Asciutto;Asfaltata;Verticale ed orizzontale;Sereno;Normale;Buona;Ore Diurne;0;0;0;3;12.57246;41.92481;-1;1;Autovettura privata;In marcia / fermata / arresto;Conducente;M;Illeso;0;;Non accertato;Inesploso
2416620;5;25/06/2015 11:25;Strada Urbana;VIA TIBURTINA;in prossimità;;del civico n.;960;;Veicolo in marcia contro veicolo fermo;Rettilineo;Una carreggiata a doppio senso;Asciutto;Asfaltata;Verticale ed orizzontale;Sereno;Normale;Buona;Ore Diurne;0;0;0;3;12.57246;41.92481;-1;2;Autovettura di polizia;In marcia / fermata / arresto;Conducente;M;Illeso;0;;Non accertato;Inesploso
2416620;5;25/06/2015 11:25;Strada Urbana;VIA TIBURTINA;in prossimità;;del civico n.;960;;Veicolo in marcia contro veicolo fermo;Rettilineo;Una carreggiata a doppio senso;Asciutto;Asfaltata;Verticale ed orizzontale;Sereno;Normale;Buona;Ore Diurne;0;0;0;3;12.57246;41.92481;-1;2;Autovettura di polizia;In marcia / fermata / arresto;Passeggero;M;Illeso;0;;Non accertato;Inesploso
2416627;5;25/06/2015 22:20;Strada Urbana;VIA TIBURTINA;da specificare;;;;pross. Via E. Brandizzi Gianni dir. GRA;Tamponamento;Strettoia;Due carreggiate;Asciutto;Asfaltata;Temporanea di cantiere;Sereno;Normale;Sufficiente;Inesistente;0;0;0;2;12.57919;41.9315;-1;1;Motociclo a solo;In marcia / fermata / arresto;Conducente;M;Illeso;0;;Non accertato;
2416627;5;25/06/2015 22:20;Strada Urbana;VIA TIBURTINA;da specificare;;;;pross. Via E. Brandizzi Gianni dir. GRA;Tamponamento;Strettoia;Due carreggiate;Asciutto;Asfaltata;Temporanea di cantiere;Sereno;Normale;Sufficiente;Inesistente;0;0;0;2;12.57919;41.9315;-1;2;Autovettura privata;In marcia / fermata / arresto;Conducente;M;Illeso;0;;Non accertato;
2416632;17;25/06/2015 14:30;Strada Urbana;LUNGOTEVERE MICHELANGELO;da specificare;;;;sottopasso p.za della LIBERTA';Scontro laterale fra veicoli in marcia;Rettilineo;Una carreggiata a senso unico di marcia;Asciutto;Asfaltata;Verticale ed orizzontale;Sereno;Scarso;Buona;Ore Diurne;1;0;0;2;12.47073;41.91136;-1;1;Autocarro inferiore 35 q.;In marcia / fermata / arresto;Conducente;M;Illeso;0;;Non accertato;
2416632;17;25/06/2015 14:30;Strada Urbana;LUNGOTEVERE MICHELANGELO;da specificare;;;;sottopasso p.za della LIBERTA';Scontro laterale fra veicoli in marcia;Rettilineo;Una carreggiata a senso unico di marcia;Asciutto;Asfaltata;Verticale ed orizzontale;Sereno;Scarso;Buona;Ore Diurne;1;0;0;2;12.47073;41.91136;-1;1;Autocarro inferiore 35 q.;In marcia / fermata / arresto;Passeggero;M;Illeso;0;;;
2416632;17;25/06/2015 14:30;Strada Urbana;LUNGOTEVERE MICHELANGELO;da specificare;;;;sottopasso p.za della LIBERTA';Scontro laterale fra veicoli in marcia;Rettilineo;Una carreggiata a senso unico di marcia;Asciutto;Asfaltata;Verticale ed orizzontale;Sereno;Scarso;Buona;Ore Diurne;1;0;0;2;12.47073;41.91136;-1;2;Motociclo con passeggero;In marcia / fermata / arresto;Conducente;M;Rimandato;0;NON DECEDUTO;;
2416634;13;25/06/2015 20:20;Strada Urbana;VIA RUTILIO NAMAZIANO;all'intersezione con;VIA DEGLI ALDOBRANDINI;VIA DEGLI ALDOBRANDINI;;;Scontro frontale/laterale SX fra veicoli in marcia;Intersezione stradale segnalata;Una carreggiata a senso unico di marcia;Asciutto;Asfaltata;Verticale;Sereno;Normale;Buona;Ore Diurne;0;0;0;4;12.2751;41.73087;-1;1;Autovettura privata;In marcia / fermata / arresto;Conducente;M;Illeso;0;;Non accertato;Inesploso
2416634;13;25/06/2015 20:20;Strada Urbana;VIA RUTILIO NAMAZIANO;all'intersezione con;VIA DEGLI ALDOBRANDINI;VIA DEGLI ALDOBRANDINI;;;Scontro frontale/laterale SX fra veicoli in marcia;Intersezione stradale segnalata;Una carreggiata a senso unico di marcia;Asciutto;Asfaltata;Verticale;Sereno;Normale;Buona;Ore Diurne;0;0;0;4;12.2751;41.73087;-1;2;Autovettura privata;In marcia / fermata / arresto;Conducente;M;Illeso;0;;Non accertato;Inesploso
2416634;13;25/06/2015 20:20;Strada Urbana;VIA RUTILIO NAMAZIANO;all'intersezione con;VIA DEGLI ALDOBRANDINI;VIA DEGLI ALDOBRANDINI;;;Scontro frontale/laterale SX fra veicoli in marcia;Intersezione stradale segnalata;Una carreggiata a senso unico di marcia;Asciutto;Asfaltata;Verticale;Sereno;Normale;Buona;Ore Diurne;0;0;0;4;12.2751;41.73087;-1;2;Autovettura privata;In marcia / fermata / arresto;Passeggero;F;Illeso;0;;;
2416634;13;25/06/2015 20:20;Strada Urbana;VIA RUTILIO NAMAZIANO;all'intersezione con;VIA DEGLI ALDOBRANDINI;VIA DEGLI ALDOBRANDINI;;;Scontro frontale/laterale SX fra veicoli in marcia;Intersezione stradale segnalata;Una carreggiata a senso unico di marcia;Asciutto;Asfaltata;Verticale;Sereno;Normale;Buona;Ore Diurne;0;0;0;4;12.2751;41.73087;-1;2;Autovettura privata;In marcia / fermata / arresto;Passeggero;F;Illeso;0;;Non accertato;Inesploso
2416642;11;25/06/2015 09:50;Strada Urbana;VIA DI GROTTA PERFETTA;all'intersezione con;VIA FONTE BUONO;VIA FONTE BUONO;;;Investimento di pedone;Intersezione stradale segnalata;Una carreggiata a doppio senso;Asciutto;Asfaltata;Verticale ed orizzontale;Sereno;Normale;Buona;Ore Diurne;1;0;0;1;12.48669;41.84832;-1;;;;Pedone;M;Ricoverato;0;NON DECEDUTO;;
2416642;11;25/06/2015 09:50;Strada Urbana;VIA DI GROTTA PERFETTA;all'intersezione con;VIA FONTE BUONO;VIA FONTE BUONO;;;Investimento di pedone;Intersezione stradale segnalata;Una carreggiata a doppio senso;Asciutto;Asfaltata;Verticale ed orizzontale;Sereno;Normale;Buona;Ore Diurne;1;0;0;1;12.48669;41.84832;-1;1;Autovettura privata;In marcia / fermata / arresto;Conducente;M;Illeso;0;;Utilizzato;
2416652;20;25/06/2015 12:15;Regionale entro l'abitato;VIA CASSIA;all'intersezione con;VIA CARLO GHERARDINI;VIA CARLO GHERARDINI;;;Scontro frontale/laterale SX fra veicoli in marcia;Intersezione semaforizzata;Una carreggiata a doppio senso;Asciutto;Asfaltata;Verticale ed orizzontale;Sereno;Normale;Buona;Ore Diurne;1;0;0;1;12.41459;41.98236;-1;1;Motociclo a solo;In marcia / fermata / arresto;Conducente;M;Rimandato;0;NON DECEDUTO;Non accertato;
2416652;20;25/06/2015 12:15;Regionale entro l'abitato;VIA CASSIA;all'intersezione con;VIA CARLO GHERARDINI;VIA CARLO GHERARDINI;;;Scontro frontale/laterale SX fra veicoli in marcia;Intersezione semaforizzata;Una carreggiata a doppio senso;Asciutto;Asfaltata;Verticale ed orizzontale;Sereno;Normale;Buona;Ore Diurne;1;0;0;1;12.41459;41.98236;-1;2;Autovettura privata;In marcia / fermata / arresto;Conducente;F;Illeso;0;;Non accertato;Inesploso
2416655;13;25/06/2015 10:20;Strada Urbana;VIA ISOLE DEL CAPO VERDE;in prossimità;;del civico n.;102;;Investimento di pedone;Rettilineo;Due carreggiate;Asciutto;Asfaltata;Verticale;Sereno;Normale;Buona;Ore Diurne;1;0;0;1;12.2772;41.73881;-1;;;;Pedone;F;Rimandato;0;NON DECEDUTO;;
2416655;13;25/06/2015 10:20;Strada Urbana;VIA ISOLE DEL CAPO VERDE;in prossimità;;del civico n.;102;;Investimento di pedone;Rettilineo;Due carreggiate;Asciutto;Asfaltata;Verticale;Sereno;Normale;Buona;Ore Diurne;1;0;0;1;12.2772;41.73881;-1;1;Autovettura privata;In marcia / fermata / arresto;Conducente;M;Illeso;0;;Non accertato;Inesploso
2416657;11;25/06/2015 19:00;Strada Urbana;VIA FRANCESCO GIANGIACOMO;da specificare;;;;altezza civ. 42;Scontro frontale fra veicoli in marcia;Rettilineo;Una carreggiata a doppio senso;Asciutto;Asfaltata;Orizzontale;Sereno;Scarso;Buona;Ore Diurne;1;0;0;1;12.50092;41.85354;-1;1;Autovettura privata;In marcia / fermata / arresto;Conducente;M;Rimandato;0;NON DECEDUTO;Non accertato;
2416657;11;25/06/2015 19:00;Strada Urbana;VIA FRANCESCO GIANGIACOMO;da specificare;;;;altezza civ. 42;Scontro frontale fra veicoli in marcia;Rettilineo;Una carreggiata a doppio senso;Asciutto;Asfaltata;Orizzontale;Sereno;Scarso;Buona;Ore Diurne;1;0;0;1;12.50092;41.85354;-1;2;Autovettura privata;In marcia / fermata / arresto;Conducente;M;Illeso;0;;Non accertato;
2416661;12;25/06/2015 21:30;Strada Urbana;VIADOTTO DELLA MAGLIANA;da specificare;;;;dir. Fiumicino, altezza Sheraton;Veicolo in marcia contro ostacolo fisso;Rettilineo;Due carreggiate;Asciutto;Asfaltata;Orizzontale;Sereno;Scarso;Sufficiente;Sufficiente;1;0;0;0;12.47019;41.84249;-1;1;Motociclo a solo;In marcia / fermata / arresto;Conducente;M;Rimandato;0;NON DECEDUTO;Non accertato;
2416662;13;26/06/2015 04:50;Strada Urbana;VIALE DEI ROMAGNOLI;all'intersezione con;VIALE FRA' ANDREA DI GIOVANNI;VIALE FRA' ANDREA DI GIOVANNI;;;Tamponamento;Incrocio;Una carreggiata a doppio senso;Asciutto;Asfaltata;Verticale ed orizzontale;Sereno;Scarso;Buona;Sufficiente;1;0;0;0;12.34641;41.77819;-1;1;Autovettura privata;In marcia / fermata / arresto;Conducente;M;Rimandato;0;NON DECEDUTO;Non accertato;Inesploso
2416663;1;23/06/2015 22:00;Strada Urbana;VIA LUDOVISI;da specificare;;;;.;Veicolo in marcia contro veicolo in sosta;Rettilineo;Una carreggiata a senso unico di marcia;Asciutto;Asfaltata;Verticale ed orizzontale;Nuvoloso;Scarso;Sufficiente;Sufficiente;0;0;0;1;12.48802;41.90686;-1;2;Autovettura privata;In marcia / fermata / arresto;Conducente;F;Illeso;0;;;
2416676;4;25/06/2015 18:20;Strada Urbana;VIALE TIRRENO;in corrispondenza;;del civico n.;34;;Scontro laterale fra veicoli in marcia;Rettilineo;Due carreggiate;Asciutto;Asfaltata;Verticale ed orizzontale;Sereno;Normale;Buona;Ore Diurne;0;0;0;4;12.53253;41.93664;-1;1;Autovettura privata;In marcia / fermata / arresto;Conducente;M;Illeso;0;;Non accertato;Inesploso
2416676;4;25/06/2015 18:20;Strada Urbana;VIALE TIRRENO;in corrispondenza;;del civico n.;34;;Scontro laterale fra veicoli in marcia;Rettilineo;Due carreggiate;Asciutto;Asfaltata;Verticale ed orizzontale;Sereno;Normale;Buona;Ore Diurne;0;0;0;4;12.53253;41.93664;-1;1;Autovettura privata;In marcia / fermata / arresto;Passeggero;M;Illeso;0;;Non accertato;Inesistente
2416676;4;25/06/2015 18:20;Strada Urbana;VIALE TIRRENO;in corrispondenza;;del civico n.;34;;Scontro laterale fra veicoli in marcia;Rettilineo;Due carreggiate;Asciutto;Asfaltata;Verticale ed orizzontale;Sereno;Normale;Buona;Ore Diurne;0;0;0;4;12.53253;41.93664;-1;2;Motociclo con passeggero;In marcia / fermata / arresto;Conducente;F;Illeso;0;;Non accertato;
2416676;4;25/06/2015 18:20;Strada Urbana;VIALE TIRRENO;in corrispondenza;;del civico n.;34;;Scontro laterale fra veicoli in marcia;Rettilineo;Due carreggiate;Asciutto;Asfaltata;Verticale ed orizzontale;Sereno;Normale;Buona;Ore Diurne;0;0;0;4;12.53253;41.93664;-1;2;Motociclo con passeggero;In marcia / fermata / arresto;Passeggero;M;Illeso;0;;Non accertato;
2416683;10;26/06/2015 08:00;Strada Urbana;VIA DI VERMICINO;da specificare;;;;in prossimità di via Tuscolana vecchia;Tamponamento Multiplo;Rettilineo;Una carreggiata a doppio senso;Asciutto;Asfaltata;Verticale ed orizzontale;Sereno;Normale;Buona;Ore Diurne;0;0;0;7;12.64367;41.8227;-1;1;Autovettura privata;In marcia / fermata / arresto;Conducente;M;Illeso;0;;Non accertato;Inesploso
2416683;10;26/06/2015 08:00;Strada Urbana;VIA DI VERMICINO;da specificare;;;;in prossimità di via Tuscolana vecchia;Tamponamento Multiplo;Rettilineo;Una carreggiata a doppio senso;Asciutto;Asfaltata;Verticale ed orizzontale;Sereno;Normale;Buona;Ore Diurne;0;0;0;7;12.64367;41.8227;-1;2;Autovettura privata;In marcia / fermata / arresto;Conducente;M;Illeso;0;;Non accertato;Inesploso
2416683;10;26/06/2015 08:00;Strada Urbana;VIA DI VERMICINO;da specificare;;;;in prossimità di via Tuscolana vecchia;Tamponamento Multiplo;Rettilineo;Una carreggiata a doppio senso;Asciutto;Asfaltata;Verticale ed orizzontale;Sereno;Normale;Buona;Ore Diurne;0;0;0;7;12.64367;41.8227;-1;2;Autovettura privata;In marcia / fermata / arresto;Passeggero;M;Illeso;0;;Non accertato;
2416683;10;26/06/2015 08:00;Strada Urbana;VIA DI VERMICINO;da specificare;;;;in prossimità di via Tuscolana vecchia;Tamponamento Multiplo;Rettilineo;Una carreggiata a doppio senso;Asciutto;Asfaltata;Verticale ed orizzontale;Sereno;Normale;Buona;Ore Diurne;0;0;0;7;12.64367;41.8227;-1;2;Autovettura privata;In marcia / fermata / arresto;Passeggero;F;Illeso;0;;Non accertato;
2416683;10;26/06/2015 08:00;Strada Urbana;VIA DI VERMICINO;da specificare;;;;in prossimità di via Tuscolana vecchia;Tamponamento Multiplo;Rettilineo;Una carreggiata a doppio senso;Asciutto;Asfaltata;Verticale ed orizzontale;Sereno;Normale;Buona;Ore Diurne;0;0;0;7;12.64367;41.8227;-1;3;Autovettura privata;In marcia / fermata / arresto;Conducente;M;Illeso;0;;Non accertato;Inesploso
2416683;10;26/06/2015 08:00;Strada Urbana;VIA DI VERMICINO;da specificare;;;;in prossimità di via Tuscolana vecchia;Tamponamento Multiplo;Rettilineo;Una carreggiata a doppio senso;Asciutto;Asfaltata;Verticale ed orizzontale;Sereno;Normale;Buona;Ore Diurne;0;0;0;7;12.64367;41.8227;-1;3;Autovettura privata;In marcia / fermata / arresto;Passeggero;M;Illeso;0;;Non utilizzato;Inesploso
2416683;10;26/06/2015 08:00;Strada Urbana;VIA DI VERMICINO;da specificare;;;;in prossimità di via Tuscolana vecchia;Tamponamento Multiplo;Rettilineo;Una carreggiata a doppio senso;Asciutto;Asfaltata;Verticale ed orizzontale;Sereno;Normale;Buona;Ore Diurne;0;0;0;7;12.64367;41.8227;-1;3;Autovettura privata;In marcia / fermata / arresto;Passeggero;F;Illeso;0;;Non utilizzato;Inesploso
2416695;6;26/06/2015 08:30;Strada Urbana;VIA ROVIGNO D'ISTRIA;all'intersezione con;VIA LUSSIMPICCOLO;VIA LUSSIMPICCOLO;;;Scontro frontale/laterale SX fra veicoli in marcia;Incrocio;Una carreggiata a senso unico di marcia;Asciutto;Asfaltata;Verticale;Sereno;Normale;Buona;Ore Diurne;0;0;0;1;12.55703;41.89946;-1;1;Autovettura privata;In marcia / fermata / arresto;Conducente;M;Illeso;0;;Non accertato;Inesploso